student_id,first_name,last_name,email,department,year_of_study 
68-782-6740,Rycca,Pirrone,rpirrone0@homestead.com,Research and Development,2023-09-11
17-782-7690,Dick,Barth,dbarth1@godaddy.com,Marketing,2024-01-25
24-595-3740,Rey,Drinkhill,rdrinkhill2@mapy.cz,Marketing,2020-10-21
49-435-6906,Parke,Joplin,pjoplin3@issuu.com,Product Management,2020-12-07
04-323-5787,Roarke,Pikett,rpikett4@macromedia.com,Services,2024-04-09
64-495-2651,Glenn,Sawley,gsawley5@sphinn.com,Research and Development,2022-02-26
89-350-3043,Rocky,Collumbine,rcollumbine6@epa.gov,Business Development,2022-10-23
97-011-3959,Brook,Spires,bspires7@fc2.com,Engineering,2024-07-17
13-332-6458,Gavan,Carlick,gcarlick8@skype.com,Human Resources,2023-11-25
98-843-3582,Zorine,McKillop,zmckillop9@purevolume.com,Engineering,2021-08-01
99-959-4311,Kelcey,Sykes,ksykesa@chron.com,Engineering,2022-10-27
86-499-8701,Pacorro,Danzelman,pdanzelmanb@slate.com,Services,2021-10-21
98-879-8519,Gannon,Espinosa,gespinosac@behance.net,Accounting,2022-02-28
10-682-3209,Loydie,Whiting,lwhitingd@is.gd,Support,2024-02-25
13-055-4115,Rozanne,Harmant,rharmante@stumbleupon.com,Support,2023-10-08
79-062-8251,Simonne,Jorgesen,sjorgesenf@oakley.com,Legal,2024-07-30
47-266-7431,Janeta,Franzman,jfranzmang@ning.com,Product Management,2021-01-31
16-963-3326,Keefer,Vlasyuk,kvlasyukh@so-net.ne.jp,Services,2023-02-03
99-675-7471,Yanaton,Rudledge,yrudledgei@desdev.cn,Research and Development,2021-04-10
72-340-0823,Danny,Trees,dtreesj@4shared.com,Business Development,2024-02-01
87-899-0996,Sissie,Aldam,saldamk@digg.com,Business Development,2024-07-09
15-837-6277,Hunter,Roome,hroomel@salon.com,Research and Development,2020-12-04
80-013-4081,Mallory,Smails,msmailsm@issuu.com,Human Resources,2024-08-30
02-004-8357,Ermin,Varvara,evarvaran@360.cn,Accounting,2021-01-09
54-560-0352,Annabel,Ryan,aryano@google.nl,Marketing,2023-02-12
38-529-6876,Hildagarde,McKeaney,hmckeaneyp@redcross.org,Engineering,2021-01-31
03-760-3067,Jeanne,Yurshev,jyurshevq@123-reg.co.uk,Business Development,2023-04-09
19-024-8737,Edmund,Botterell,ebotterellr@discovery.com,Services,2023-07-19
55-520-3401,Aubrie,Antusch,aantuschs@livejournal.com,Accounting,2024-02-15
92-650-1397,Eula,Huckfield,ehuckfieldt@multiply.com,Marketing,2022-01-12
53-782-7324,Herve,Breewood,hbreewoodu@slashdot.org,Training,2024-04-01
57-429-2842,Odelinda,Haslam,ohaslamv@google.com.br,Sales,2022-02-10
34-895-1610,Romy,Letteresse,rletteressew@weather.com,Accounting,2023-06-10
13-916-6580,Clementius,Gunningham,cgunninghamx@yolasite.com,Services,2023-04-03
64-269-3728,Olav,Baynard,obaynardy@ca.gov,Marketing,2023-10-01
87-851-3160,Rich,Aguirre,raguirrez@google.com.au,Product Management,2020-12-18
53-621-5715,Cherida,Standring,cstandring10@ox.ac.uk,Human Resources,2023-12-26
56-855-9380,Powell,Lobley,plobley11@sciencedaily.com,Research and Development,2021-11-16
25-290-6968,Reilly,Rigbye,rrigbye12@newsvine.com,Training,2024-03-26
85-943-7454,Brina,Corroyer,bcorroyer13@vkontakte.ru,Legal,2022-04-14
18-882-7867,Estrellita,Joreau,ejoreau14@ebay.com,Research and Development,2022-12-13
19-530-2403,Derek,Minthorpe,dminthorpe15@discovery.com,Sales,2023-12-20
29-890-4103,Danni,Clues,dclues16@about.me,Engineering,2022-05-26
96-868-3713,Barbe,Tailby,btailby17@hc360.com,Product Management,2021-02-04
18-464-7022,Elizabet,McQuaker,emcquaker18@4shared.com,Business Development,2023-04-17
93-546-7379,Rem,Size,rsize19@google.ru,Support,2021-08-31
48-576-7579,Ossie,Baybutt,obaybutt1a@dailymotion.com,Research and Development,2023-07-03
73-946-5617,Diane-marie,Chiene,dchiene1b@sina.com.cn,Human Resources,2022-06-22
16-488-3256,Felita,Aldcorne,faldcorne1c@wisc.edu,Support,2020-09-18
05-554-1300,Clementina,Chennells,cchennells1d@altervista.org,Product Management,2023-03-11
67-406-8584,Nicolis,Ozanne,nozanne1e@godaddy.com,Training,2022-05-16
40-649-5721,Estevan,Madge,emadge1f@soup.io,Services,2023-01-15
50-196-3162,Cassius,Hadwen,chadwen1g@miibeian.gov.cn,Marketing,2021-06-24
08-435-2566,Bibbie,Kermode,bkermode1h@senate.gov,Services,2023-07-15
70-851-4371,Ollie,Deane,odeane1i@census.gov,Product Management,2021-10-17
77-562-6094,Kiel,Dhennin,kdhennin1j@usa.gov,Marketing,2023-03-12
25-245-3542,Boyd,Brabon,bbrabon1k@auda.org.au,Business Development,2024-04-26
70-352-6652,Corabel,Briers,cbriers1l@blogtalkradio.com,Training,2024-05-25
39-077-9315,Traci,Impy,timpy1m@istockphoto.com,Marketing,2024-08-06
61-038-2660,Maddy,Fallen,mfallen1n@sina.com.cn,Marketing,2022-04-25
41-384-4580,Arabela,Duffield,aduffield1o@msu.edu,Accounting,2021-10-30
79-417-1294,Dietrich,Blacklock,dblacklock1p@mozilla.com,Services,2021-05-01
89-622-0229,Lesli,Welds,lwelds1q@about.com,Engineering,2022-11-11
21-368-8103,Ara,Feaviour,afeaviour1r@hatena.ne.jp,Training,2021-11-05
30-851-0487,Evangelina,Jodrelle,ejodrelle1s@behance.net,Business Development,2020-10-06
54-868-5137,Vittoria,Shitliffe,vshitliffe1t@canalblog.com,Services,2021-08-08
69-109-5785,Luisa,Berling,lberling1u@skype.com,Business Development,2023-02-27
64-829-2849,Bud,Bebbington,bbebbington1v@jugem.jp,Accounting,2022-11-19
17-217-4937,Jody,Eadmeads,jeadmeads1w@surveymonkey.com,Services,2021-10-20
51-835-5022,Sallie,Stepney,sstepney1x@wix.com,Product Management,2024-06-07
10-013-5377,Liz,Obray,lobray1y@hatena.ne.jp,Training,2021-12-13
85-589-2006,Lorne,Bridgewater,lbridgewater1z@clickbank.net,Sales,2021-04-07
18-809-1612,Francisca,Cavie,fcavie20@businesswire.com,Research and Development,2021-09-17
66-117-5635,Annalee,Ashplant,aashplant21@reference.com,Accounting,2022-04-03
03-803-3119,Goober,Trowler,gtrowler22@weibo.com,Product Management,2024-05-24
06-852-4166,Ephraim,Dowzell,edowzell23@bandcamp.com,Marketing,2021-02-10
45-964-0890,Selle,Willett,swillett24@rakuten.co.jp,Sales,2021-01-20
04-235-8658,Suki,Rylstone,srylstone25@discuz.net,Legal,2020-11-13
50-793-9826,Oates,Novak,onovak26@mtv.com,Engineering,2021-12-06
14-054-6698,Curr,Porteous,cporteous27@google.com.au,Accounting,2023-10-19
67-279-6058,Pooh,Derycot,pderycot28@theguardian.com,Product Management,2023-02-07
34-276-5147,Deeyn,Diloway,ddiloway29@jiathis.com,Product Management,2022-09-14
40-344-9912,Clarie,Richardt,crichardt2a@baidu.com,Research and Development,2023-07-18
21-100-5587,Brandise,Frantz,bfrantz2b@chron.com,Accounting,2024-08-22
82-146-3770,Kristin,Whissell,kwhissell2c@behance.net,Services,2024-04-07
13-395-4140,Kaile,Etherton,ketherton2d@accuweather.com,Legal,2022-02-05
19-439-5191,Georgeanne,Billingsley,gbillingsley2e@zdnet.com,Support,2021-10-25
41-066-7429,Harvey,Hallard,hhallard2f@boston.com,Support,2022-05-11
63-193-8388,Sheilah,Townrow,stownrow2g@multiply.com,Services,2023-05-21
57-387-1947,Tootsie,Moreno,tmoreno2h@answers.com,Legal,2023-02-17
16-230-2208,Bary,Frawley,bfrawley2i@answers.com,Marketing,2022-03-04
77-280-4815,Heddi,Matonin,hmatonin2j@etsy.com,Product Management,2024-01-16
75-508-3661,Erin,Vevers,evevers2k@flavors.me,Business Development,2021-08-15
35-080-0090,Lonee,Sumshon,lsumshon2l@techcrunch.com,Accounting,2022-03-26
76-509-1212,Zolly,Lauderdale,zlauderdale2m@chronoengine.com,Human Resources,2022-06-08
46-757-9196,Orton,Hukin,ohukin2n@ustream.tv,Training,2021-04-14
94-978-6339,Anna-diane,Soda,asoda2o@feedburner.com,Research and Development,2020-09-21
97-513-5025,Henderson,Garnsworth,hgarnsworth2p@irs.gov,Research and Development,2023-09-02
58-912-3288,Ondrea,Heasly,oheasly2q@howstuffworks.com,Product Management,2023-11-04
77-138-7122,Meredith,Chilcotte,mchilcotte2r@umich.edu,Support,2022-09-08
25-133-8852,Chelsie,Hawton,chawton2s@arizona.edu,Support,2022-07-13
75-228-6469,Patsy,Philipps,pphilipps2t@smugmug.com,Marketing,2020-10-18
54-371-4176,Gunner,Sedger,gsedger2u@nbcnews.com,Human Resources,2023-12-19
37-330-4705,Megen,Stalley,mstalley2v@elpais.com,Training,2021-05-23
83-636-9663,Osbourn,Rodliff,orodliff2w@goo.ne.jp,Services,2022-06-26
66-252-2900,Levey,Trew,ltrew2x@vk.com,Human Resources,2022-03-13
49-258-7342,Chevalier,Honeyghan,choneyghan2y@aboutads.info,Services,2023-01-30
63-181-5639,Josefina,Laxson,jlaxson2z@homestead.com,Marketing,2021-07-05
65-564-5891,Erminie,Dunkerly,edunkerly30@printfriendly.com,Research and Development,2024-06-26
95-480-4466,Josee,McWhin,jmcwhin31@friendfeed.com,Accounting,2022-09-08
66-656-7732,Corry,Endricci,cendricci32@t.co,Accounting,2023-07-03
93-761-6542,Murdock,Quilty,mquilty33@live.com,Research and Development,2022-12-28
24-629-2785,Susana,Savory,ssavory34@devhub.com,Marketing,2021-12-17
02-710-9140,Jeffrey,Daines,jdaines35@sfgate.com,Business Development,2022-01-18
61-019-1214,Zerk,Rielly,zrielly36@walmart.com,Legal,2024-08-24
80-430-7289,Windham,Dohrmann,wdohrmann37@marriott.com,Marketing,2021-05-20
48-194-6405,Elita,Geraldi,egeraldi38@gravatar.com,Business Development,2021-04-12
70-044-0969,Kristien,Matiewe,kmatiewe39@paginegialle.it,Legal,2023-10-11
35-965-7885,Pamela,Leffek,pleffek3a@youku.com,Business Development,2023-05-09
71-872-4228,Avery,Nisuis,anisuis3b@seesaa.net,Marketing,2023-12-03
66-051-6435,Dolly,Le Grand,dlegrand3c@weather.com,Marketing,2022-11-17
51-201-5991,Baldwin,Steels,bsteels3d@jigsy.com,Sales,2021-06-22
20-768-7724,Mikey,Burdass,mburdass3e@ezinearticles.com,Business Development,2022-01-25
78-693-5445,Agatha,Ecles,aecles3f@sciencedirect.com,Accounting,2021-04-22
82-284-5521,Howard,Takkos,htakkos3g@reference.com,Business Development,2023-01-03
72-753-4913,Brook,Stewartson,bstewartson3h@chicagotribune.com,Product Management,2021-08-20
52-059-1459,Karol,McGlade,kmcglade3i@parallels.com,Product Management,2022-06-21
64-170-1242,Evered,McSherry,emcsherry3j@people.com.cn,Accounting,2021-12-05
27-963-8788,Aleta,Jolliff,ajolliff3k@opensource.org,Business Development,2023-11-08
14-072-9199,Dante,Fredy,dfredy3l@zdnet.com,Marketing,2023-07-31
68-707-5981,Zaccaria,Goldbourn,zgoldbourn3m@technorati.com,Research and Development,2021-12-19
85-314-6872,Chadd,Philbrook,cphilbrook3n@fc2.com,Sales,2023-09-25
89-862-4048,Odille,Mawford,omawford3o@ted.com,Accounting,2022-03-15
16-175-7571,Cara,Gadd,cgadd3p@ca.gov,Services,2021-09-21
43-237-1870,Teddy,McKirton,tmckirton3q@cnbc.com,Training,2022-06-25
50-979-8320,Delora,Otter,dotter3r@vimeo.com,Legal,2022-04-01
65-455-9383,Pren,Downgate,pdowngate3s@a8.net,Legal,2022-02-09
88-184-6474,Harley,Winfield,hwinfield3t@sourceforge.net,Engineering,2023-05-24
51-050-2207,Dunn,Gallego,dgallego3u@elpais.com,Engineering,2022-01-04
58-649-0596,Sheilakathryn,Thirst,sthirst3v@washingtonpost.com,Engineering,2023-03-20
82-414-7598,Albina,Emmet,aemmet3w@mapy.cz,Marketing,2021-12-28
07-634-4979,Brady,Frame,bframe3x@mozilla.org,Legal,2021-10-11
42-547-9381,Elke,Gwin,egwin3y@trellian.com,Research and Development,2021-12-11
93-424-3688,Flin,Lubeck,flubeck3z@gizmodo.com,Legal,2020-09-18
13-415-6490,Daryn,Whitebread,dwhitebread40@nymag.com,Services,2024-01-27
17-629-0158,Vincenty,Franies,vfranies41@weibo.com,Research and Development,2020-12-09
15-678-2165,Sal,Treversh,streversh42@lulu.com,Support,2023-03-10
33-312-3836,Waldo,Dessant,wdessant43@hhs.gov,Accounting,2020-11-30
13-913-0325,Lyssa,Botham,lbotham44@ted.com,Human Resources,2023-04-20
94-477-4192,Adriano,Gaucher,agaucher45@independent.co.uk,Research and Development,2022-08-09
50-673-9285,Demetris,Woodrow,dwoodrow46@baidu.com,Services,2023-03-30
56-917-5243,Arron,Albrooke,aalbrooke47@example.com,Accounting,2021-04-05
61-206-0431,Douglass,Puttock,dputtock48@barnesandnoble.com,Marketing,2021-06-23
02-751-8348,Guy,Storah,gstorah49@51.la,Product Management,2024-02-06
12-922-0910,Darlene,Barthrup,dbarthrup4a@illinois.edu,Training,2023-01-08
99-201-6130,Bernadene,Ragate,bragate4b@mediafire.com,Accounting,2022-05-04
62-557-1324,Darci,Klug,dklug4c@prlog.org,Research and Development,2023-05-29
19-488-4085,Sara,Munning,smunning4d@tumblr.com,Services,2024-01-19
21-985-9278,Reid,Braham,rbraham4e@tumblr.com,Support,2024-03-08
73-090-9232,Boot,Joyce,bjoyce4f@google.fr,Engineering,2022-01-24
92-426-1256,Art,Woodeson,awoodeson4g@state.gov,Product Management,2022-06-03
52-647-7560,Eleanor,Ancketill,eancketill4h@toplist.cz,Product Management,2024-03-14
41-347-3195,Seymour,Carrel,scarrel4i@jugem.jp,Accounting,2022-05-03
53-272-4012,Morgan,Keller,mkeller4j@nbcnews.com,Research and Development,2022-07-13
45-122-4849,Tessa,Scotter,tscotter4k@hexun.com,Marketing,2021-10-10
80-307-0380,Roland,Janosevic,rjanosevic4l@comsenz.com,Accounting,2020-11-28
72-565-3759,Hermione,Bear,hbear4m@wired.com,Product Management,2024-01-29
26-608-6741,Leonora,Sleney,lsleney4n@ucsd.edu,Product Management,2022-11-28
20-105-0089,Donnie,Penkman,dpenkman4o@usatoday.com,Engineering,2021-12-22
36-396-2718,Nata,Chase,nchase4p@npr.org,Marketing,2023-01-02
76-533-5485,Panchito,Kingshott,pkingshott4q@sourceforge.net,Marketing,2022-08-11
31-558-8224,Ian,Wiggans,iwiggans4r@nyu.edu,Training,2021-06-12
99-385-4142,Jo,MacDonagh,jmacdonagh4s@storify.com,Training,2022-03-30
00-096-1977,Dina,Skittrell,dskittrell4t@rakuten.co.jp,Research and Development,2023-12-19
29-100-1568,Ola,Battista,obattista4u@google.es,Product Management,2021-10-13
84-562-4088,Simone,Mc Grath,smcgrath4v@rakuten.co.jp,Training,2023-10-15
93-150-0858,Beauregard,Sarch,bsarch4w@technorati.com,Human Resources,2021-06-28
23-428-2935,Kalil,Pele,kpele4x@marketwatch.com,Legal,2024-02-09
39-232-4889,Sully,Leishman,sleishman4y@toplist.cz,Services,2023-03-20
21-730-1952,Cad,Camp,ccamp4z@ocn.ne.jp,Marketing,2020-11-02
64-756-3170,Odelle,Atlay,oatlay50@gov.uk,Accounting,2021-10-14
93-121-6176,Winthrop,Bustard,wbustard51@mapquest.com,Research and Development,2021-07-23
19-853-9118,Laurette,Manners,lmanners52@baidu.com,Training,2024-01-26
73-014-5439,Joycelin,Beeres,jbeeres53@furl.net,Services,2023-03-13
87-323-1506,Dare,Bradborne,dbradborne54@pen.io,Sales,2023-10-16
72-851-9487,Colas,Portail,cportail55@instagram.com,Support,2021-09-30
77-429-0234,Caddric,Haet,chaet56@vkontakte.ru,Business Development,2023-02-26
20-743-0736,Florrie,Vernazza,fvernazza57@arizona.edu,Engineering,2021-07-13
03-818-0713,Mada,MacLleese,mmaclleese58@icq.com,Product Management,2022-11-06
17-270-1322,Agathe,Kelleway,akelleway59@hibu.com,Legal,2023-02-08
80-273-1166,Dottie,Hawarden,dhawarden5a@ning.com,Services,2024-01-20
74-799-4583,Quent,Storer,qstorer5b@google.nl,Accounting,2021-06-14
18-406-3043,Cordelie,Caush,ccaush5c@goo.gl,Product Management,2024-08-23
63-393-4337,Chrissie,Olkowicz,colkowicz5d@stanford.edu,Marketing,2021-06-03
20-599-4669,Dieter,Tatlow,dtatlow5e@noaa.gov,Support,2023-02-09
99-897-6501,Crysta,Bewlie,cbewlie5f@dyndns.org,Product Management,2022-12-29
29-073-8950,Bobbi,Rappaport,brappaport5g@google.pl,Accounting,2023-03-02
71-009-9690,Brenda,Ashmole,bashmole5h@nps.gov,Product Management,2022-03-09
97-811-2575,Willi,Bridge,wbridge5i@cargocollective.com,Accounting,2022-01-11
00-930-0455,Sky,Hylton,shylton5j@goodreads.com,Accounting,2021-02-27
81-465-1222,Bekki,Posselt,bposselt5k@ucoz.com,Legal,2024-05-16
91-630-7808,Billye,Boxer,bboxer5l@boston.com,Support,2023-10-19
12-416-2749,Julianne,Scamwell,jscamwell5m@dion.ne.jp,Engineering,2022-04-29
68-849-6928,Coralie,Narbett,cnarbett5n@1und1.de,Research and Development,2022-06-18
28-353-9227,Aeriell,Cawdery,acawdery5o@1und1.de,Accounting,2023-06-02
90-187-2248,Ashil,Fowells,afowells5p@mozilla.com,Research and Development,2022-06-21
38-399-0512,Charleen,Kobke,ckobke5q@lycos.com,Marketing,2023-04-02
62-270-5400,Sada,Gobbet,sgobbet5r@wsj.com,Sales,2024-05-11
10-457-0868,Johannes,Gozzett,jgozzett5s@arizona.edu,Training,2023-12-17
71-890-5760,Drucill,Starmore,dstarmore5t@delicious.com,Accounting,2020-09-18
47-136-1567,Kirsten,Langeley,klangeley5u@sfgate.com,Accounting,2023-12-21
25-080-4619,Vladimir,Abatelli,vabatelli5v@soup.io,Training,2021-10-28
61-691-2212,Bridie,Rossetti,brossetti5w@reference.com,Research and Development,2021-07-11
93-011-3286,Dayna,Syplus,dsyplus5x@merriam-webster.com,Accounting,2024-02-09
71-109-9029,Faun,Curran,fcurran5y@princeton.edu,Services,2021-02-13
07-010-4960,Brnaby,Leader,bleader5z@soundcloud.com,Support,2022-02-24
05-358-3371,Em,Beldam,ebeldam60@marriott.com,Support,2021-09-23
05-723-8757,Phillie,Cockling,pcockling61@e-recht24.de,Marketing,2021-11-01
09-668-1003,Ashlen,Colton,acolton62@so-net.ne.jp,Sales,2023-04-07
52-124-1872,Marigold,Rings,mrings63@amazon.co.jp,Accounting,2020-11-16
94-361-3240,Ameline,Candelin,acandelin64@reuters.com,Engineering,2023-03-04
75-092-8721,Lorne,Middup,lmiddup65@eepurl.com,Support,2023-06-05
35-348-5555,Link,MacKean,lmackean66@theatlantic.com,Services,2023-02-20
82-111-9770,Odetta,Priel,opriel67@dion.ne.jp,Research and Development,2022-03-02
86-542-3823,Kynthia,Wetwood,kwetwood68@microsoft.com,Services,2023-01-27
69-866-1639,Vernor,Fluit,vfluit69@g.co,Training,2022-08-19
43-604-0999,Ulberto,Duesberry,uduesberry6a@privacy.gov.au,Legal,2021-05-16
15-927-1044,Durante,Harberer,dharberer6b@virginia.edu,Legal,2023-10-29
77-500-2774,Mab,Luckham,mluckham6c@indiatimes.com,Research and Development,2022-04-30
97-230-5457,Matty,Ryal,mryal6d@youku.com,Services,2021-07-29
49-068-4453,Tonie,Orneles,torneles6e@lycos.com,Services,2021-04-27
30-666-0236,Maure,Clipston,mclipston6f@youtube.com,Human Resources,2021-10-26
88-437-8420,Mable,Wathall,mwathall6g@a8.net,Training,2022-12-09
48-752-6072,Piotr,Bartolozzi,pbartolozzi6h@amazon.de,Accounting,2023-05-10
67-996-7788,Farrell,Noraway,fnoraway6i@w3.org,Training,2024-07-30
13-993-4642,Orville,Walden,owalden6j@oracle.com,Services,2024-02-24
43-669-1444,Wye,Brigge,wbrigge6k@list-manage.com,Research and Development,2021-05-31
58-818-9534,Jaclin,Harvett,jharvett6l@samsung.com,Research and Development,2021-10-29
22-219-0764,Tabitha,Stow,tstow6m@oaic.gov.au,Accounting,2023-04-07
06-635-0989,Cookie,Clemits,cclemits6n@walmart.com,Services,2020-12-05
64-243-7423,Gladi,Mawford,gmawford6o@state.gov,Human Resources,2023-06-27
77-475-1777,Jodi,Lints,jlints6p@cnn.com,Research and Development,2023-05-21
27-121-0201,Janie,Varlow,jvarlow6q@ucoz.ru,Marketing,2022-09-21
58-139-3540,Hill,Ivanyutin,hivanyutin6r@merriam-webster.com,Services,2023-12-16
82-181-2868,Babita,Blaise,bblaise6s@stanford.edu,Marketing,2020-09-25
48-503-0091,Kimmie,Ghio,kghio6t@wsj.com,Engineering,2021-07-23
82-401-4756,Glenda,Heaysman,gheaysman6u@myspace.com,Business Development,2020-09-23
69-993-8025,Livvyy,Symones,lsymones6v@dagondesign.com,Marketing,2023-01-24
06-096-5854,Felisha,Kaspar,fkaspar6w@eepurl.com,Engineering,2022-01-17
85-991-7520,Nahum,Fitkin,nfitkin6x@sourceforge.net,Legal,2023-06-14
02-960-6403,Hubey,Trimnell,htrimnell6y@boston.com,Sales,2024-05-20
16-971-2942,Guenna,Searchwell,gsearchwell6z@ucoz.ru,Sales,2021-04-12
50-550-5182,Casandra,Olander,colander70@phoca.cz,Engineering,2022-09-04
73-795-7732,Sherilyn,D'Hooge,sdhooge71@businesswire.com,Training,2024-08-15
94-998-4866,Tabbie,Haste,thaste72@nature.com,Support,2020-12-08
91-832-7295,Patten,Bowcock,pbowcock73@virginia.edu,Product Management,2021-09-24
18-063-5701,Dominic,Cossons,dcossons74@cisco.com,Training,2022-06-03
65-737-5475,Junette,Hymers,jhymers75@studiopress.com,Product Management,2023-05-15
54-738-9138,Killie,Calvie,kcalvie76@mashable.com,Business Development,2023-04-22
01-754-5867,Christa,Geraldez,cgeraldez77@who.int,Engineering,2022-01-30
44-029-5302,Matthieu,Hinstridge,mhinstridge78@engadget.com,Accounting,2022-04-16
84-644-6361,Trina,Butland,tbutland79@telegraph.co.uk,Accounting,2023-02-23
89-093-8340,Farlee,Gomar,fgomar7a@netscape.com,Sales,2021-05-29
24-076-3726,Silva,Blick,sblick7b@etsy.com,Marketing,2024-06-29
18-054-9739,Carissa,Abrahamsohn,cabrahamsohn7c@harvard.edu,Sales,2021-09-26
62-313-9837,Juieta,Ambrogetti,jambrogetti7d@cnet.com,Business Development,2021-09-17
63-975-0932,Arabella,Leftridge,aleftridge7e@hostgator.com,Legal,2022-02-18
18-979-5715,Lyell,Pavlovsky,lpavlovsky7f@tiny.cc,Support,2021-06-03
32-894-7688,Celesta,Ghiron,cghiron7g@w3.org,Legal,2023-06-01
66-714-6371,Edith,Scarborough,escarborough7h@yandex.ru,Training,2022-01-15
54-796-1845,Bonnibelle,Bartrop,bbartrop7i@webnode.com,Services,2023-05-19
01-922-8695,Serge,Tattershall,stattershall7j@fema.gov,Accounting,2024-02-06
81-802-8027,Scot,Norsister,snorsister7k@dailymail.co.uk,Legal,2022-08-23
94-010-4489,Dorry,Knutton,dknutton7l@cam.ac.uk,Engineering,2023-03-02
52-054-7903,Rafaela,Kunath,rkunath7m@miitbeian.gov.cn,Support,2022-10-15
27-652-6722,Bobbye,Reddell,breddell7n@phpbb.com,Engineering,2021-10-08
28-332-0160,Sybilla,Ballard,sballard7o@twitter.com,Support,2023-01-10
66-302-4717,Jane,Lonsbrough,jlonsbrough7p@sbwire.com,Business Development,2021-08-03
11-232-4354,Chaim,Daens,cdaens7q@twitpic.com,Legal,2021-07-26
53-892-7730,Darryl,Shackesby,dshackesby7r@google.com,Training,2024-08-25
21-962-4524,Diarmid,Battleson,dbattleson7s@nasa.gov,Business Development,2021-10-11
12-587-6730,Jo,Mattiazzo,jmattiazzo7t@scientificamerican.com,Sales,2022-08-16
24-662-5737,Giacinta,Nuschke,gnuschke7u@hatena.ne.jp,Marketing,2023-07-06
32-082-1261,Sherlock,Waddell,swaddell7v@histats.com,Legal,2021-10-04
50-852-3056,Darby,Selkirk,dselkirk7w@wsj.com,Marketing,2020-11-18
42-684-7880,Petrina,Graeber,pgraeber7x@seesaa.net,Sales,2024-02-25
69-144-2076,Grethel,Brechin,gbrechin7y@cam.ac.uk,Engineering,2023-08-24
82-395-1413,Derrek,Hammell,dhammell7z@barnesandnoble.com,Research and Development,2023-08-06
61-917-0957,Renado,McSperron,rmcsperron80@jimdo.com,Sales,2021-12-09
93-371-5264,Kathi,Dukes,kdukes81@mail.ru,Training,2024-04-04
30-073-5242,Gabriella,Rushby,grushby82@usgs.gov,Marketing,2024-06-19
71-123-0250,Hasty,Kort,hkort83@plala.or.jp,Support,2024-08-13
80-660-7466,Ruprecht,McRae,rmcrae84@pbs.org,Support,2022-03-27
76-072-0871,Didi,Huscroft,dhuscroft85@xing.com,Product Management,2021-11-01
56-303-3232,Dario,Lavell,dlavell86@google.ru,Research and Development,2022-09-02
07-950-5541,Augy,Mewrcik,amewrcik87@ovh.net,Human Resources,2022-10-20
54-602-6712,Fedora,Gettings,fgettings88@tinypic.com,Marketing,2024-08-06
88-740-1621,Roy,Benkhe,rbenkhe89@g.co,Product Management,2022-07-11
19-161-3726,Garwood,Crisford,gcrisford8a@slideshare.net,Services,2022-09-10
60-918-6070,Dotty,MacDonough,dmacdonough8b@chronoengine.com,Legal,2021-03-12
82-231-5740,Forester,Meaney,fmeaney8c@hhs.gov,Services,2023-08-25
33-491-4564,Edlin,Lowle,elowle8d@bluehost.com,Marketing,2024-02-02
67-506-6304,Margaret,Borit,mborit8e@usda.gov,Research and Development,2022-09-14
93-754-3579,Itch,Colqueran,icolqueran8f@mashable.com,Engineering,2023-03-30
45-997-5963,Mel,Zavattero,mzavattero8g@gizmodo.com,Legal,2020-11-07
89-077-9380,Hamnet,Weetch,hweetch8h@va.gov,Engineering,2022-05-22
48-061-9071,Reta,Steane,rsteane8i@fotki.com,Product Management,2022-04-16
26-907-8950,Leonardo,Yerrill,lyerrill8j@chron.com,Accounting,2022-01-14
85-579-4269,Lisle,Camp,lcamp8k@oaic.gov.au,Product Management,2022-04-01
06-696-5443,Brandice,McCullock,bmccullock8l@aol.com,Marketing,2021-04-14
83-767-5083,Davie,Shrive,dshrive8m@blog.com,Accounting,2023-06-12
10-754-2461,Damaris,Suett,dsuett8n@tinypic.com,Product Management,2023-08-12
84-061-2465,Lexine,Loos,lloos8o@youku.com,Sales,2022-11-07
86-397-2644,Filippo,Leneham,fleneham8p@github.com,Accounting,2023-05-02
30-365-9814,Ralf,Carnelley,rcarnelley8q@drupal.org,Training,2024-06-11
46-135-9744,Avrom,Cadlock,acadlock8r@amazon.de,Business Development,2021-12-17
42-788-1617,Jodi,Ingleby,jingleby8s@uol.com.br,Services,2022-02-28
76-146-9065,Borg,MacMichael,bmacmichael8t@fc2.com,Training,2024-03-27
15-345-5688,Pearline,Betho,pbetho8u@state.tx.us,Legal,2022-01-10
00-000-1251,Melisenda,Dungate,mdungate8v@altervista.org,Accounting,2021-05-30
98-656-4952,Darby,L'oiseau,dloiseau8w@ycombinator.com,Legal,2023-08-25
40-765-9046,Juliana,Stanes,jstanes8x@blogtalkradio.com,Human Resources,2024-05-03
27-625-7470,Sky,Dinan,sdinan8y@google.co.jp,Training,2023-03-13
29-139-1430,Daria,Cowern,dcowern8z@simplemachines.org,Sales,2024-08-02
57-830-2800,Niccolo,McCool,nmccool90@dedecms.com,Support,2022-05-23
05-665-3354,Solomon,Muncer,smuncer91@blinklist.com,Accounting,2023-11-11
22-078-5228,Orelia,Konert,okonert92@com.com,Human Resources,2022-05-01
43-656-6700,Taryn,Kauffman,tkauffman93@google.com,Legal,2022-08-09
03-620-3436,Keith,Gorhardt,kgorhardt94@netlog.com,Business Development,2024-01-22
41-431-2420,Crosby,Scourgie,cscourgie95@fema.gov,Support,2022-11-08
57-699-2451,Gleda,Cohan,gcohan96@java.com,Engineering,2023-04-15
48-238-7434,Godart,Chanson,gchanson97@livejournal.com,Support,2021-11-18
16-148-4634,Chickie,Scupham,cscupham98@canalblog.com,Engineering,2023-07-27
96-200-2425,Sashenka,Guiducci,sguiducci99@yandex.ru,Services,2023-04-28
96-103-5114,Jarib,Walburn,jwalburn9a@hexun.com,Product Management,2024-05-30
98-337-8921,Angelita,Yosevitz,ayosevitz9b@dropbox.com,Sales,2022-02-13
89-852-2174,Brew,Sibson,bsibson9c@bloglines.com,Support,2023-04-01
48-499-7213,Alexandre,Grewar,agrewar9d@reuters.com,Accounting,2021-02-05
98-474-9611,Vina,Howel,vhowel9e@tripod.com,Support,2022-01-17
27-517-2247,Zulema,Pound,zpound9f@bloglines.com,Product Management,2020-11-05
44-266-9597,Claretta,Biner,cbiner9g@trellian.com,Training,2022-09-03
66-471-1524,Jordon,Dome,jdome9h@comsenz.com,Accounting,2023-05-15
55-600-1658,Timmi,Juschke,tjuschke9i@cnn.com,Research and Development,2022-12-01
99-554-4366,Franny,Slocum,fslocum9j@ocn.ne.jp,Services,2021-04-14
52-417-0660,Ewen,Rosindill,erosindill9k@netvibes.com,Sales,2022-01-19
08-698-3612,Emmott,MacAvddy,emacavddy9l@mlb.com,Training,2022-12-03
50-305-9053,Ebeneser,Sheerman,esheerman9m@canalblog.com,Services,2020-11-08
37-647-6750,Catlee,Vero,cvero9n@comsenz.com,Support,2023-03-17
17-683-8235,Zeke,Steinson,zsteinson9o@dailymotion.com,Research and Development,2023-06-09
88-800-5254,Geri,Lacase,glacase9p@bing.com,Business Development,2024-01-22
85-822-1616,Abagael,McFater,amcfater9q@bbc.co.uk,Engineering,2023-08-07
58-743-7285,Glynnis,Letrange,gletrange9r@bizjournals.com,Training,2023-11-02
22-898-9734,Retha,Chicco,rchicco9s@163.com,Accounting,2023-10-20
66-508-2478,Tatiania,Toffler,ttoffler9t@tiny.cc,Business Development,2023-05-28
95-308-0000,Kris,Leyburn,kleyburn9u@comcast.net,Product Management,2023-05-21
67-301-7399,Renelle,Vezey,rvezey9v@163.com,Business Development,2024-05-26
68-455-6662,Court,Tellett,ctellett9w@gravatar.com,Training,2023-06-02
15-290-3873,Woodman,Sutherby,wsutherby9x@shop-pro.jp,Sales,2023-09-03
91-222-7293,Tomaso,Magovern,tmagovern9y@mlb.com,Sales,2023-06-27
05-756-5274,Cassi,Hubery,chubery9z@hatena.ne.jp,Research and Development,2023-10-24
50-139-3996,Jefferey,Beenham,jbeenhama0@cbslocal.com,Human Resources,2021-06-13
15-198-7095,Riley,Cisco,rciscoa1@prnewswire.com,Engineering,2024-02-29
97-015-5105,Bing,McDarmid,bmcdarmida2@utexas.edu,Product Management,2022-04-14
27-062-5962,Ginni,Greenacre,ggreenacrea3@va.gov,Legal,2021-09-11
86-252-9848,Theodoric,Agostini,tagostinia4@mediafire.com,Business Development,2022-05-03
11-200-8280,Holly,Perrott,hperrotta5@deviantart.com,Marketing,2024-05-08
19-863-7555,Prentiss,Wofenden,pwofendena6@cornell.edu,Accounting,2020-10-07
35-613-3098,Toni,Heinzel,theinzela7@usgs.gov,Product Management,2023-03-26
01-911-7712,Mendie,Legister,mlegistera8@mediafire.com,Engineering,2023-03-15
01-122-6116,Alan,O'Crowley,aocrowleya9@google.co.jp,Business Development,2022-08-19
25-235-9647,Bealle,Daveran,bdaveranaa@seattletimes.com,Training,2021-11-12
01-379-1092,Frannie,Goldsberry,fgoldsberryab@sun.com,Marketing,2024-03-08
39-694-8454,Gordy,Sedge,gsedgeac@phoca.cz,Sales,2021-04-21
48-554-0825,Aimil,Beverage,abeveragead@sourceforge.net,Marketing,2022-07-23
00-170-5198,Olympie,Siviour,osiviourae@weather.com,Business Development,2022-10-12
57-313-0396,Regine,D'Antuoni,rdantuoniaf@yellowpages.com,Sales,2020-11-15
35-408-1385,Tanya,Ornillos,tornillosag@godaddy.com,Research and Development,2023-09-15
17-503-4079,Timoteo,Everil,teverilah@accuweather.com,Accounting,2023-07-08
26-968-3428,Kennan,Rogan,kroganai@usnews.com,Business Development,2023-12-08
21-887-2499,Kipp,Stobo,kstoboaj@fastcompany.com,Research and Development,2022-02-27
57-854-9758,Peyton,Zanini,pzaniniak@mail.ru,Services,2022-10-12
10-053-9281,Weidar,Roney,wroneyal@hubpages.com,Engineering,2022-06-05
91-689-9596,Evelin,Glowinski,eglowinskiam@homestead.com,Business Development,2023-05-13
66-960-5478,Mei,Largan,mlarganan@mediafire.com,Product Management,2023-03-14
76-646-7675,Reece,Pain,rpainao@squarespace.com,Accounting,2021-08-28
30-515-7646,Brittney,Lishman,blishmanap@altervista.org,Services,2020-11-15
65-508-6475,Biddy,Sammars,bsammarsaq@elegantthemes.com,Legal,2023-01-21
71-069-9583,Magdalen,Thrush,mthrushar@angelfire.com,Human Resources,2022-09-25
14-679-6656,Chastity,Strut,cstrutas@wikispaces.com,Accounting,2022-06-28
12-871-3024,Kayley,Macourek,kmacourekat@globo.com,Accounting,2024-05-23
63-368-0386,Gunter,Labet,glabetau@typepad.com,Product Management,2022-12-29
19-897-2884,Webster,McGawn,wmcgawnav@mlb.com,Marketing,2022-03-28
50-625-9902,Kingsley,Yarrington,kyarringtonaw@cloudflare.com,Engineering,2022-02-28
53-239-0088,Vina,Bampkin,vbampkinax@about.me,Sales,2023-08-23
35-694-7171,Zackariah,McMeyler,zmcmeyleray@businessinsider.com,Services,2023-12-17
41-403-6723,Cesar,Tute,ctuteaz@nba.com,Support,2022-02-01
83-083-9919,Evin,Botwright,ebotwrightb0@instagram.com,Sales,2024-08-23
64-222-6891,Cordelie,Faiers,cfaiersb1@squarespace.com,Product Management,2023-05-13
50-522-1318,Ringo,Phebey,rphebeyb2@soup.io,Product Management,2021-03-29
28-378-8394,Betsy,Leggen,bleggenb3@reddit.com,Marketing,2021-05-14
30-895-9303,Woody,Clash,wclashb4@g.co,Business Development,2022-12-26
87-185-3913,Orland,Ruddin,oruddinb5@fema.gov,Training,2022-10-29
08-248-2581,Daron,Sturzaker,dsturzakerb6@cargocollective.com,Training,2021-12-21
96-987-1543,Chickie,Bagnal,cbagnalb7@ted.com,Human Resources,2023-06-28
77-873-9086,Maryann,Bricksey,mbrickseyb8@vk.com,Product Management,2022-08-10
24-941-0657,Gordy,Dripp,gdrippb9@altervista.org,Human Resources,2021-10-27
96-587-9032,Hally,Roddick,hroddickba@walmart.com,Sales,2024-03-23
14-380-9443,Tamarah,Ianetti,tianettibb@youtube.com,Training,2024-08-30
00-342-6876,Noreen,Wenman,nwenmanbc@usnews.com,Legal,2023-06-24
11-272-6747,Korrie,Measor,kmeasorbd@joomla.org,Engineering,2021-03-31
52-830-7461,Eleonore,Irlam,eirlambe@gravatar.com,Product Management,2024-08-06
11-986-2375,Dee,Loos,dloosbf@weebly.com,Product Management,2023-06-22
89-126-7756,Jeffrey,Lennox,jlennoxbg@narod.ru,Legal,2024-01-02
27-374-8147,Wesley,Rubberts,wrubbertsbh@ed.gov,Business Development,2023-02-05
27-351-2941,Latashia,Lasseter,llasseterbi@biblegateway.com,Support,2020-11-30
94-855-7357,Deloris,Hindsberg,dhindsbergbj@woothemes.com,Engineering,2024-09-12
34-822-9763,Winifield,Widdowfield,wwiddowfieldbk@twitpic.com,Support,2022-07-26
65-052-1972,Cam,Baglow,cbaglowbl@ebay.co.uk,Training,2023-11-14
73-379-4278,Noni,O'Feeney,nofeeneybm@odnoklassniki.ru,Human Resources,2022-02-25
19-384-6792,Caleb,Sego,csegobn@youku.com,Sales,2020-11-09
98-283-6417,Regen,Funnell,rfunnellbo@mediafire.com,Sales,2023-08-14
12-956-5772,Sandor,Aldhouse,saldhousebp@woothemes.com,Research and Development,2021-02-03
52-240-1087,Evie,Frudd,efruddbq@goo.gl,Services,2021-09-21
84-890-1372,Stephine,Claffey,sclaffeybr@tuttocitta.it,Business Development,2023-04-05
34-923-5386,Desi,Mumm,dmummbs@yellowbook.com,Business Development,2022-04-19
12-830-6895,Ollie,Mockler,omocklerbt@gov.uk,Engineering,2024-04-20
82-998-7162,Blondie,Studeart,bstudeartbu@prweb.com,Engineering,2023-10-13
77-382-1737,Edeline,Dillingston,edillingstonbv@photobucket.com,Research and Development,2021-11-14
84-477-9625,Andrew,Poff,apoffbw@dedecms.com,Legal,2023-12-20
44-584-7271,Marnia,Marriner,mmarrinerbx@jiathis.com,Support,2023-01-31
52-713-7297,Maria,Swainson,mswainsonby@fastcompany.com,Support,2021-06-09
87-994-8698,Rhetta,Gemeau,rgemeaubz@state.gov,Training,2023-05-06
70-785-5667,Paolina,Bessant,pbessantc0@examiner.com,Research and Development,2021-09-09
72-774-4942,Christiane,Rustedge,crustedgec1@instagram.com,Services,2021-07-17
42-152-8227,Rourke,Kach,rkachc2@stumbleupon.com,Human Resources,2021-04-04
07-774-0280,Stephine,Delooze,sdeloozec3@behance.net,Research and Development,2021-05-12
55-639-0199,Veronika,Lazare,vlazarec4@mozilla.com,Research and Development,2020-11-24
71-758-1610,Kirsten,Height,kheightc5@netvibes.com,Legal,2024-05-07
13-535-9402,Coralyn,Petrovic,cpetrovicc6@cdbaby.com,Business Development,2024-02-04
01-820-3097,Buffy,Lau,blauc7@a8.net,Support,2020-11-08
05-404-3619,Lanae,Chapellow,lchapellowc8@squarespace.com,Engineering,2023-08-15
12-940-5490,Cletis,Pentlow,cpentlowc9@dmoz.org,Research and Development,2023-03-31
73-025-0684,Mandy,Dooman,mdoomanca@so-net.ne.jp,Business Development,2023-10-17
64-421-4412,Denny,Sommerlie,dsommerliecb@angelfire.com,Accounting,2023-07-26
30-250-3186,Milicent,Booley,mbooleycc@loc.gov,Engineering,2024-05-26
94-212-6783,Hynda,Kettlestring,hkettlestringcd@4shared.com,Sales,2024-05-30
76-940-5019,Zondra,Poile,zpoilece@ezinearticles.com,Research and Development,2021-06-18
39-550-2316,Cari,Lethbury,clethburycf@chicagotribune.com,Product Management,2022-02-27
96-035-1304,Theodora,Ruffler,trufflercg@jalbum.net,Research and Development,2021-06-20
99-057-4095,Melloney,McGregor,mmcgregorch@trellian.com,Legal,2023-07-10
45-242-2361,Steward,Sleeford,ssleefordci@vkontakte.ru,Support,2021-06-29
09-589-2142,Bobine,Helsdon,bhelsdoncj@vinaora.com,Legal,2024-09-07
96-205-6074,Delia,Cashin,dcashinck@nps.gov,Business Development,2020-11-23
86-907-8459,Peadar,Galletley,pgalletleycl@shinystat.com,Product Management,2020-11-21
48-629-0160,Goldina,Talloe,gtalloecm@163.com,Accounting,2023-06-11
23-025-3909,Marris,Grierson,mgriersoncn@csmonitor.com,Accounting,2021-11-08
97-616-0875,Pall,Poston,ppostonco@slashdot.org,Human Resources,2023-03-05
38-861-2457,Ernie,Duinbleton,eduinbletoncp@dell.com,Accounting,2023-10-24
54-921-2869,Thadeus,Vaughn,tvaughncq@studiopress.com,Product Management,2020-11-28
71-479-2487,Inglebert,Dekeyser,idekeysercr@myspace.com,Support,2023-07-07
95-767-4566,Madel,Pearsall,mpearsallcs@plala.or.jp,Engineering,2023-09-20
23-977-9287,Hynda,Scones,hsconesct@wunderground.com,Research and Development,2024-04-01
60-228-4421,Collete,Meggison,cmeggisoncu@aboutads.info,Accounting,2021-11-21
77-923-9796,Marcela,Coslett,mcoslettcv@xing.com,Human Resources,2020-12-08
80-137-3201,Massimo,Pynn,mpynncw@sohu.com,Human Resources,2021-07-09
27-648-0060,Kerri,Greenland,kgreenlandcx@instagram.com,Human Resources,2021-05-09
49-539-0779,Gregoire,Calbert,gcalbertcy@flavors.me,Business Development,2022-11-15
12-190-7421,Carling,Weedall,cweedallcz@taobao.com,Marketing,2020-12-22
09-598-7152,Trudy,Epps,teppsd0@amazonaws.com,Training,2021-02-09
26-121-1459,Pieter,Bigby,pbigbyd1@earthlink.net,Support,2021-11-25
71-708-3869,Wadsworth,Reeme,wreemed2@wiley.com,Accounting,2022-10-31
21-147-1988,Yoshiko,Threadgall,ythreadgalld3@ft.com,Engineering,2021-03-11
04-617-7996,Amata,Dumberrill,adumberrilld4@google.pl,Training,2022-02-22
66-209-6036,Johny,Beardsell,jbeardselld5@mozilla.org,Research and Development,2023-11-26
99-475-1273,Deborah,Raffon,draffond6@squidoo.com,Marketing,2022-04-15
76-676-5850,Barret,Duggan,bduggand7@indiegogo.com,Accounting,2021-07-19
76-947-6306,Carolus,Whitty,cwhittyd8@netlog.com,Services,2023-09-22
83-277-6595,Page,Grevatt,pgrevattd9@ted.com,Sales,2023-07-30
42-500-0027,Anica,Lattka,alattkada@va.gov,Sales,2023-08-28
43-859-1523,Kristin,Isacsson,kisacssondb@google.cn,Services,2023-04-12
89-375-6506,Elnar,Highton,ehightondc@ftc.gov,Marketing,2022-07-09
07-248-1057,Sammy,Maxwale,smaxwaledd@toplist.cz,Business Development,2023-05-07
36-431-4032,Ebony,Panchen,epanchende@posterous.com,Sales,2021-05-03
21-956-5334,Cirstoforo,Janicijevic,cjanicijevicdf@huffingtonpost.com,Accounting,2024-06-21
21-559-6359,Heidie,Eastam,heastamdg@soup.io,Marketing,2020-12-11
39-074-9206,Laural,Harkins,lharkinsdh@canalblog.com,Research and Development,2021-12-28
41-617-4366,Jon,Witherbed,jwitherbeddi@1und1.de,Marketing,2023-07-15
35-866-3163,Eugenia,Frosdick,efrosdickdj@shop-pro.jp,Product Management,2022-10-27
96-959-3213,Ring,Onians,roniansdk@surveymonkey.com,Legal,2020-10-22
58-196-9844,Wilhelm,Neilson,wneilsondl@theglobeandmail.com,Business Development,2024-05-01
60-719-9093,Melesa,Sleep,msleepdm@webnode.com,Business Development,2022-12-08
89-211-5524,Berni,Terzza,bterzzadn@craigslist.org,Business Development,2024-01-04
72-455-1385,Tuck,McConaghy,tmcconaghydo@sciencedaily.com,Legal,2023-01-20
26-477-7567,Renae,Vowell,rvowelldp@myspace.com,Business Development,2024-05-14
04-187-4426,Adriena,Dy,adydq@exblog.jp,Business Development,2024-01-06
09-850-9543,Cammy,Yandell,cyandelldr@cargocollective.com,Sales,2023-02-18
88-422-9654,Osmond,Wohler,owohlerds@youku.com,Services,2021-07-24
06-102-2681,Ginger,Pontain,gpontaindt@wikispaces.com,Services,2022-03-21
31-717-3555,Arney,Hayfield,ahayfielddu@artisteer.com,Engineering,2022-12-06
68-091-7089,Valentijn,Ribchester,vribchesterdv@creativecommons.org,Legal,2023-06-22
20-998-1299,Conn,Bauldry,cbauldrydw@wsj.com,Training,2021-05-29
20-867-6140,Donica,Hillyatt,dhillyattdx@statcounter.com,Legal,2021-04-02
92-914-9716,Suellen,Marlin,smarlindy@ftc.gov,Marketing,2023-05-27
55-284-3962,Bev,Urwen,burwendz@xing.com,Research and Development,2022-03-15
91-866-9434,Nikola,Craydon,ncraydone0@cdc.gov,Sales,2022-04-18
54-040-3834,Sammy,Stocken,sstockene1@biglobe.ne.jp,Accounting,2022-12-20
30-398-1623,Etienne,Robson,erobsone2@networksolutions.com,Support,2023-02-28
25-482-1655,Annmarie,Piatkowski,apiatkowskie3@washington.edu,Human Resources,2022-06-29
06-347-9350,Quinlan,Ragat,qragate4@theguardian.com,Legal,2022-07-29
49-726-7878,Reinaldo,Dorking,rdorkinge5@cam.ac.uk,Legal,2022-03-08
34-410-1708,Joyan,Wace,jwacee6@macromedia.com,Engineering,2024-01-16
61-905-0786,Weston,Lusgdin,wlusgdine7@oaic.gov.au,Support,2022-05-19
42-848-5462,Leonie,Colville,lcolvillee8@cmu.edu,Legal,2020-10-14
56-902-5012,Helsa,Lightning,hlightninge9@boston.com,Human Resources,2023-04-25
20-151-4031,Sheilakathryn,Cleeve,scleeveea@freewebs.com,Research and Development,2023-02-22
01-143-3776,Van,Topham,vtophameb@scribd.com,Product Management,2021-04-19
62-581-1326,Louise,Threader,lthreaderec@usgs.gov,Research and Development,2023-07-22
71-856-8135,Arlette,Pigeram,apigeramed@fotki.com,Research and Development,2022-02-20
60-964-5578,Channa,Beche,cbecheee@disqus.com,Marketing,2022-08-27
24-031-8650,Garreth,Lowcock,glowcockef@tmall.com,Sales,2021-03-12
75-914-2286,Chevalier,Bordis,cbordiseg@sciencedaily.com,Research and Development,2023-08-30
35-902-3143,Joyan,Angrick,jangrickeh@yahoo.com,Sales,2022-11-24
58-658-3742,Hannah,Goundrill,hgoundrillei@hhs.gov,Business Development,2023-05-29
70-215-9783,Krystyna,Lorente,klorenteej@hc360.com,Support,2024-05-05
36-107-1905,Rodolfo,Stacy,rstacyek@amazon.com,Legal,2022-09-06
08-334-5790,Arch,Janning,ajanningel@scribd.com,Product Management,2021-06-27
39-560-8909,Glen,Woollends,gwoollendsem@usda.gov,Product Management,2024-05-08
18-171-5716,Cassondra,Edards,cedardsen@t-online.de,Support,2022-12-11
55-256-7584,Damaris,Durbyn,ddurbyneo@redcross.org,Product Management,2022-05-08
90-102-7509,Wally,Shemwell,wshemwellep@google.co.uk,Legal,2023-03-04
90-413-9937,Nevil,Beswetherick,nbeswetherickeq@csmonitor.com,Sales,2021-07-27
98-163-6733,Sigismund,Rimmington,srimmingtoner@biglobe.ne.jp,Sales,2021-10-01
76-585-2483,Iago,Edgeler,iedgeleres@sourceforge.net,Engineering,2020-12-18
55-790-9374,Britta,Lilbourne,blilbourneet@networkadvertising.org,Engineering,2021-01-17
74-074-9944,Kala,Brackenbury,kbrackenburyeu@smh.com.au,Business Development,2023-10-17
81-089-3054,Roxie,Loughhead,rloughheadev@slashdot.org,Legal,2020-12-15
77-514-0665,Brendis,Van Rembrandt,bvanrembrandtew@vimeo.com,Human Resources,2024-02-14
40-309-4879,Anselma,Shergill,ashergillex@nps.gov,Sales,2021-09-30
68-572-5507,Josefa,Littlecote,jlittlecoteey@fda.gov,Sales,2022-11-10
37-357-8311,Quintus,Reddick,qreddickez@delicious.com,Marketing,2022-11-06
82-223-0744,Hollyanne,Camden,hcamdenf0@1688.com,Human Resources,2023-12-22
63-463-0366,Guillemette,Huison,ghuisonf1@google.cn,Human Resources,2024-04-15
62-178-2436,Tracey,Nelthorpe,tnelthorpef2@barnesandnoble.com,Services,2024-04-15
65-981-9548,Hubert,Kleuer,hkleuerf3@t.co,Engineering,2023-03-18
95-720-8489,Devondra,Kilford,dkilfordf4@tamu.edu,Marketing,2021-03-21
78-127-0581,Jamill,Chatell,jchatellf5@paypal.com,Legal,2023-12-25
90-648-1148,Kiersten,Tunnicliffe,ktunnicliffef6@state.tx.us,Research and Development,2021-09-17
84-230-3193,Idalina,Thickin,ithickinf7@ycombinator.com,Sales,2023-07-13
05-261-4136,Cate,Stovin,cstovinf8@wikipedia.org,Business Development,2024-05-28
69-082-4092,Waly,Topling,wtoplingf9@blinklist.com,Marketing,2022-04-18
40-587-6203,Jeralee,Le Gall,jlegallfa@google.com.au,Support,2023-07-22
49-211-0393,Shaine,Dwelling,sdwellingfb@wp.com,Marketing,2024-03-04
00-260-1802,Nancie,Gallimore,ngallimorefc@is.gd,Human Resources,2022-09-17
53-900-2955,Dew,Crumbleholme,dcrumbleholmefd@biglobe.ne.jp,Marketing,2024-05-24
12-689-7749,Kippy,Deverille,kdeverillefe@ca.gov,Human Resources,2022-02-09
97-296-2685,Colan,Fortnam,cfortnamff@google.com,Research and Development,2022-09-30
74-320-7581,Carver,Marvin,cmarvinfg@cnbc.com,Engineering,2021-01-02
06-789-8798,Linnell,Charlotte,lcharlottefh@reuters.com,Accounting,2023-10-31
87-233-9099,Lorens,Hallitt,lhallittfi@networkadvertising.org,Sales,2023-07-11
45-722-4095,Paton,Hehir,phehirfj@topsy.com,Training,2021-10-17
79-733-6976,Clarisse,Algie,calgiefk@jimdo.com,Training,2021-11-23
57-889-4508,Prentiss,Jeandin,pjeandinfl@opensource.org,Business Development,2022-05-22
03-266-3271,Lydon,Mitchinson,lmitchinsonfm@parallels.com,Accounting,2022-08-20
65-628-8796,Davon,Elmar,delmarfn@stumbleupon.com,Sales,2020-10-24
96-691-4431,Alyce,Happert,ahappertfo@acquirethisname.com,Engineering,2021-12-02
37-998-1150,Ranique,Servis,rservisfp@amazon.de,Legal,2023-09-02
01-080-0339,Karola,Feaveryear,kfeaveryearfq@cam.ac.uk,Engineering,2022-05-12
39-438-5944,Merralee,Holme,mholmefr@printfriendly.com,Marketing,2024-01-08
49-145-5997,Genovera,Rennolds,grennoldsfs@reverbnation.com,Marketing,2022-11-08
18-206-0602,Anett,Fludgate,afludgateft@ucoz.ru,Business Development,2021-07-13
68-568-4617,Jemmy,Subhan,jsubhanfu@chronoengine.com,Training,2023-08-18
06-992-5517,Kristos,Reisk,kreiskfv@about.com,Legal,2022-11-12
69-333-6116,Gisella,Martineau,gmartineaufw@upenn.edu,Sales,2022-06-02
60-749-4834,Riki,Note,rnotefx@imdb.com,Product Management,2022-07-16
50-707-4975,Gina,Itzkovici,gitzkovicify@ustream.tv,Product Management,2023-10-25
30-560-9057,Teddi,Winspear,twinspearfz@google.fr,Training,2021-08-19
09-291-9329,Farica,Kilgannon,fkilgannong0@cnbc.com,Legal,2023-06-10
02-507-9934,Melisent,Asquez,masquezg1@umn.edu,Engineering,2021-06-29
97-974-1298,Lemuel,Otley,lotleyg2@edublogs.org,Support,2024-06-04
19-633-3514,Vanya,Giddings,vgiddingsg3@archive.org,Support,2021-08-19
76-483-3402,Editha,Toffel,etoffelg4@ask.com,Services,2023-08-25
14-264-7485,Quincy,Edmondson,qedmondsong5@angelfire.com,Training,2023-07-24
60-678-0380,Fritz,Cranton,fcrantong6@mail.ru,Accounting,2024-05-24
95-589-0435,Isaac,Dutt,iduttg7@list-manage.com,Accounting,2024-08-08
20-988-9053,Tybie,Vesque,tvesqueg8@posterous.com,Legal,2024-03-13
84-582-5002,Davin,Haresnaip,dharesnaipg9@icio.us,Support,2023-03-30
47-725-0739,Griffith,McCall,gmccallga@ebay.co.uk,Product Management,2023-12-30
75-194-5284,Ambrose,Mushrow,amushrowgb@dailymotion.com,Support,2024-04-03
88-830-3017,Pavla,Haizelden,phaizeldengc@usa.gov,Training,2022-09-07
15-151-4924,Alvie,Ikins,aikinsgd@biglobe.ne.jp,Product Management,2024-01-15
89-424-8268,Kylynn,Bourner,kbournerge@businesswire.com,Sales,2020-12-16
68-308-9146,Valeda,Clymo,vclymogf@illinois.edu,Business Development,2020-12-03
03-072-7965,Erica,Ludgrove,eludgrovegg@chicagotribune.com,Business Development,2024-01-28
00-023-6680,Hedwiga,Firks,hfirksgh@reverbnation.com,Training,2023-06-04
75-093-4910,Karney,Heppenspall,kheppenspallgi@amazonaws.com,Sales,2024-07-27
39-662-5717,Bev,Klich,bklichgj@blogtalkradio.com,Marketing,2023-12-13
83-229-1848,Shellysheldon,Furzer,sfurzergk@adobe.com,Engineering,2023-03-27
60-993-2676,Mickey,Van Waadenburg,mvanwaadenburggl@miitbeian.gov.cn,Training,2022-08-07
48-877-1215,Zacherie,Whapples,zwhapplesgm@dedecms.com,Support,2024-06-28
36-886-0297,Thaddus,Dyke,tdykegn@sfgate.com,Human Resources,2024-03-14
95-688-2807,Blanca,Reddihough,breddihoughgo@dedecms.com,Services,2022-03-31
76-103-4455,Dunstan,Lambart,dlambartgp@umich.edu,Services,2023-11-01
11-476-6404,Araldo,McCurdy,amccurdygq@seesaa.net,Accounting,2022-11-15
42-744-7625,Wylma,Heyward,wheywardgr@infoseek.co.jp,Sales,2023-01-06
12-349-4862,Trixi,Ghost,tghostgs@prlog.org,Marketing,2022-11-06
59-936-4241,Babita,McMichan,bmcmichangt@tuttocitta.it,Services,2022-08-28
88-126-5229,Lorens,Ryce,lrycegu@msu.edu,Sales,2023-04-10
83-105-7427,Cherish,Pickavance,cpickavancegv@si.edu,Accounting,2021-04-24
61-727-4412,Finn,Arnholtz,farnholtzgw@furl.net,Research and Development,2024-08-08
53-038-5703,Maudie,Crosier,mcrosiergx@macromedia.com,Product Management,2024-02-03
39-028-2594,Hayley,Ummfrey,hummfreygy@archive.org,Product Management,2024-07-05
26-331-3736,Gerome,Trulocke,gtrulockegz@symantec.com,Engineering,2021-04-28
29-417-1113,Ario,Totterdill,atotterdillh0@comcast.net,Support,2021-08-07
40-282-4394,Maje,Covet,mcoveth1@huffingtonpost.com,Training,2022-10-20
19-016-5104,Desdemona,Robbins,drobbinsh2@topsy.com,Training,2023-05-27
99-533-6260,Cyrus,Worstall,cworstallh3@arizona.edu,Product Management,2021-12-10
55-374-3015,Wallie,Frearson,wfrearsonh4@ask.com,Accounting,2022-07-09
15-955-1602,Eddy,Stife,estifeh5@netvibes.com,Product Management,2022-07-26
79-403-7749,Odo,Spadotto,ospadottoh6@cyberchimps.com,Human Resources,2023-03-31
21-897-4342,Gordie,Betun,gbetunh7@livejournal.com,Training,2021-04-08
17-101-2912,Valeria,Chartre,vchartreh8@joomla.org,Support,2023-08-17
65-220-8402,Beaufort,Hoys,bhoysh9@samsung.com,Product Management,2024-07-13
82-846-0445,Alexei,Sherwell,asherwellha@patch.com,Sales,2021-04-29
82-510-5520,Papageno,Haug,phaughb@cyberchimps.com,Legal,2022-07-04
79-445-6820,Evyn,Benterman,ebentermanhc@buzzfeed.com,Marketing,2021-02-28
19-660-1948,Lucian,Catterill,lcatterillhd@yolasite.com,Training,2024-04-03
33-594-9792,Karlotta,Spelman,kspelmanhe@technorati.com,Marketing,2023-10-16
37-013-4785,Julianne,Semarke,jsemarkehf@sciencedirect.com,Services,2023-07-02
14-711-1362,Kareem,Atherley,katherleyhg@plala.or.jp,Support,2020-11-16
13-618-3980,Felicdad,Lyness,flynesshh@aol.com,Marketing,2024-06-19
84-021-0870,Sandi,Sedgmond,ssedgmondhi@theatlantic.com,Research and Development,2024-01-19
16-049-3006,Hildegarde,Busch,hbuschhj@so-net.ne.jp,Business Development,2022-06-11
25-860-1134,Alix,Howsden,ahowsdenhk@rediff.com,Marketing,2023-01-16
06-859-6309,Rosabelle,Crosgrove,rcrosgrovehl@businessweek.com,Services,2021-02-27
49-209-0870,Kitti,Westhoff,kwesthoffhm@boston.com,Support,2020-10-25
82-741-3748,Petey,Selbach,pselbachhn@ed.gov,Human Resources,2023-03-24
19-142-5787,Leela,Fausset,lfaussetho@economist.com,Human Resources,2022-02-20
69-789-4878,Karole,O'Brogan,kobroganhp@list-manage.com,Services,2023-03-26
37-936-6605,Tessa,Simka,tsimkahq@ca.gov,Business Development,2022-02-02
85-873-6293,Lars,Florey,lfloreyhr@ca.gov,Marketing,2024-06-04
38-324-3767,Gipsy,Tremblet,gtrembleths@ihg.com,Sales,2024-04-21
66-219-2701,Kaine,Snazel,ksnazelht@cafepress.com,Sales,2021-06-10
34-519-1765,Case,Rodson,crodsonhu@jalbum.net,Legal,2022-02-18
66-668-0871,Bonnee,Jasper,bjasperhv@ezinearticles.com,Product Management,2022-08-23
64-872-0361,Doralia,McFarlan,dmcfarlanhw@mediafire.com,Training,2022-12-08
30-220-2388,Rickie,Brewood,rbrewoodhx@opera.com,Support,2022-10-30
01-726-5718,Therine,Benbrick,tbenbrickhy@deviantart.com,Support,2022-12-23
45-777-3518,Cody,Cutforth,ccutforthhz@state.gov,Engineering,2022-09-23
70-094-0465,Alard,Twelvetree,atwelvetreei0@quantcast.com,Support,2023-05-29
94-169-2922,Lorri,Kettlesing,lkettlesingi1@si.edu,Research and Development,2022-08-06
64-671-6471,Charmian,Allonby,callonbyi2@lulu.com,Marketing,2022-09-28
18-968-2168,Torry,Adamsson,tadamssoni3@studiopress.com,Business Development,2020-12-09
93-912-5492,Basilius,Ochiltree,bochiltreei4@jugem.jp,Engineering,2022-12-31
25-349-7051,Chariot,Crumley,ccrumleyi5@wp.com,Accounting,2023-02-06
01-759-5305,Bendix,Donaher,bdonaheri6@buzzfeed.com,Accounting,2024-06-16
18-071-2875,Clayborn,Iacomo,ciacomoi7@adobe.com,Services,2023-09-23
05-594-9034,Eulalie,Fenty,efentyi8@google.com.br,Product Management,2024-07-16
17-478-0435,Vanna,Trineman,vtrinemani9@irs.gov,Training,2021-03-27
17-843-8778,Tanner,Kitchin,tkitchinia@bing.com,Business Development,2024-03-07
09-065-9159,Clarie,Baison,cbaisonib@tinyurl.com,Services,2021-12-22
07-767-0109,Felike,Coburn,fcoburnic@slashdot.org,Accounting,2023-08-07
95-245-8145,Aleda,Coomer,acoomerid@furl.net,Services,2023-01-15
31-730-4907,Cecilio,Norssister,cnorssisterie@slashdot.org,Research and Development,2024-08-06
16-127-6721,Cyrille,Sugg,csuggif@zimbio.com,Marketing,2023-09-22
24-518-5578,Tom,Callaby,tcallabyig@icq.com,Business Development,2024-02-28
98-045-4423,Madelyn,Collinwood,mcollinwoodih@mail.ru,Business Development,2023-02-17
92-737-9608,Kyrstin,Pavkovic,kpavkovicii@google.co.uk,Marketing,2022-10-07
92-320-9472,Jacques,Borley,jborleyij@usda.gov,Legal,2021-01-14
37-277-8810,Joannes,Bader,jbaderik@bing.com,Business Development,2021-04-05
62-083-3915,Dex,Eilers,deilersil@prnewswire.com,Support,2021-06-20
10-990-8585,Berte,Plewman,bplewmanim@cafepress.com,Product Management,2023-05-27
93-919-4765,Lenna,Crab,lcrabin@jiathis.com,Research and Development,2024-07-15
51-388-9653,Marilin,Malenoir,mmalenoirio@tripadvisor.com,Accounting,2022-09-16
28-698-5297,Leeann,Arundel,larundelip@blog.com,Engineering,2023-09-11
46-246-5464,Shayla,Gullivent,sgulliventiq@dmoz.org,Product Management,2023-05-04
91-448-6351,Wendi,Coaten,wcoatenir@hhs.gov,Services,2021-07-05
59-035-5557,Cart,Carbry,ccarbryis@japanpost.jp,Training,2022-10-13
22-340-8505,Ramsay,Allder,rallderit@sina.com.cn,Accounting,2021-04-09
19-448-9309,Elset,Hovee,ehoveeiu@wordpress.com,Marketing,2021-05-06
69-564-1801,Irena,Rossborough,irossboroughiv@about.me,Sales,2020-09-21
97-591-4859,Joanne,Neill,jneilliw@ebay.com,Human Resources,2021-12-19
56-839-3504,Vivianne,Rickardes,vrickardesix@skyrock.com,Business Development,2024-06-15
17-250-9857,Rhys,Hammerich,rhammerichiy@prnewswire.com,Business Development,2023-07-23
15-249-2732,Bartholomew,Lyddyard,blyddyardiz@php.net,Legal,2021-09-16
30-266-6018,Gusty,Fer,gferj0@slashdot.org,Services,2022-02-08
23-211-6511,Inge,Gibbonson,igibbonsonj1@1688.com,Sales,2023-09-22
80-102-4809,Mohammed,Reaman,mreamanj2@rambler.ru,Research and Development,2021-11-26
12-782-0729,Harold,Castanone,hcastanonej3@yelp.com,Accounting,2023-02-13
83-375-5540,Gaelan,Luesley,gluesleyj4@latimes.com,Engineering,2020-09-30
68-935-7885,Thor,Sixsmith,tsixsmithj5@etsy.com,Accounting,2020-10-23
99-925-8208,Jarib,Harries,jharriesj6@apple.com,Product Management,2022-03-22
67-867-2319,Vittoria,Waterhowse,vwaterhowsej7@usatoday.com,Engineering,2021-08-05
73-513-3844,Heath,Hellmore,hhellmorej8@mysql.com,Services,2022-03-13
65-434-0216,Helge,Vye,hvyej9@chicagotribune.com,Engineering,2023-08-06
75-990-5292,Radcliffe,Clericoates,rclericoatesja@icq.com,Support,2021-06-28
06-817-3077,Josh,Lillecrap,jlillecrapjb@github.com,Human Resources,2022-09-16
61-887-7070,Marcelia,Marjot,mmarjotjc@baidu.com,Product Management,2022-11-17
99-420-8237,Sheilah,Dudderidge,sdudderidgejd@pinterest.com,Services,2022-06-04
56-770-6853,Tris,Keal,tkealje@xinhuanet.com,Training,2022-10-26
18-261-0821,Carrie,Gracey,cgraceyjf@istockphoto.com,Sales,2023-09-17
49-554-5813,Cori,Swyn,cswynjg@sitemeter.com,Support,2020-09-29
13-823-2424,Harland,Mursell,hmurselljh@xinhuanet.com,Research and Development,2022-08-10
02-638-6680,Celisse,Jahan,cjahanji@cbslocal.com,Services,2021-01-19
98-643-0319,Lucine,Treeby,ltreebyjj@bigcartel.com,Legal,2023-05-21
08-877-4754,Darnall,Eastup,deastupjk@cornell.edu,Legal,2023-01-09
33-055-3189,Bethina,Gabbett,bgabbettjl@ifeng.com,Training,2020-09-20
35-246-3114,Terrel,Ragg,traggjm@feedburner.com,Services,2021-01-28
25-803-9291,Maurine,Moncrefe,mmoncrefejn@chicagotribune.com,Accounting,2023-01-02
60-108-2851,Sheffy,Eringey,seringeyjo@goodreads.com,Sales,2021-05-17
90-987-2122,Wallis,Cleall,wclealljp@amazonaws.com,Training,2022-02-20
52-112-6158,Nikolai,Bennis,nbennisjq@typepad.com,Legal,2022-09-03
93-527-0080,Laurianne,Elsey,lelseyjr@yahoo.com,Training,2023-12-16
44-273-1284,Maris,Busk,mbuskjs@studiopress.com,Training,2023-10-26
71-933-2968,Geraldine,Dever,gdeverjt@ifeng.com,Engineering,2022-08-02
94-536-9379,Vlad,Budleigh,vbudleighju@adobe.com,Legal,2024-08-31
15-704-9388,Yale,Girodon,ygirodonjv@netvibes.com,Business Development,2021-03-02
90-198-2430,Rog,Reyson,rreysonjw@tiny.cc,Engineering,2022-03-15
03-065-5181,Gregorius,Elms,gelmsjx@comsenz.com,Services,2022-04-19
00-021-3038,Nev,Fierman,nfiermanjy@oracle.com,Human Resources,2024-06-22
22-672-5066,Willem,Fosdyke,wfosdykejz@usgs.gov,Support,2022-07-23
28-150-7285,Garek,Sinkings,gsinkingsk0@dion.ne.jp,Research and Development,2024-02-03
26-604-4582,Rickey,Matusson,rmatussonk1@tripod.com,Research and Development,2023-03-09
49-792-7880,Nessi,Birckmann,nbirckmannk2@hibu.com,Human Resources,2023-06-21
65-728-1116,Orsa,Nagle,onaglek3@google.it,Research and Development,2023-10-01
98-640-7370,Cacilia,Pippin,cpippink4@msn.com,Business Development,2023-08-26
19-052-0886,Elwyn,Hambly,ehamblyk5@domainmarket.com,Human Resources,2024-05-10
64-331-5437,Mel,Tissington,mtissingtonk6@nydailynews.com,Support,2023-03-17
34-282-5929,Early,Whines,ewhinesk7@indiatimes.com,Engineering,2023-12-13
31-753-6987,Dusty,Wermerling,dwermerlingk8@oakley.com,Business Development,2024-03-11
95-537-0417,Mendy,Glashby,mglashbyk9@chicagotribune.com,Product Management,2021-12-02
72-986-2765,Jaine,Sendley,jsendleyka@pcworld.com,Sales,2022-09-20
95-795-9101,Elaine,Andrus,eandruskb@wunderground.com,Business Development,2024-06-20
18-741-3094,Dal,Molnar,dmolnarkc@discovery.com,Accounting,2023-12-29
04-046-4676,Jayne,Cicutto,jcicuttokd@accuweather.com,Research and Development,2022-04-09
31-554-0770,Riki,Gebuhr,rgebuhrke@lycos.com,Human Resources,2022-03-15
88-304-1368,Colby,Ferrieroi,cferrieroikf@soup.io,Training,2023-03-03
49-946-8961,Seymour,Botham,sbothamkg@friendfeed.com,Training,2022-12-08
78-718-2473,Deb,Brasener,dbrasenerkh@bloglovin.com,Research and Development,2022-03-30
31-362-6443,Renie,Stringfellow,rstringfellowki@nhs.uk,Training,2023-10-02
86-726-7474,Morena,Toplis,mtopliskj@apache.org,Engineering,2022-12-25
55-263-3851,D'arcy,Dupoy,ddupoykk@youku.com,Legal,2022-05-30
66-420-1697,Bryon,Perulli,bperullikl@buzzfeed.com,Marketing,2023-07-16
51-745-9429,Eben,Cramer,ecramerkm@google.fr,Services,2023-01-24
26-023-4171,Eunice,Rainford,erainfordkn@artisteer.com,Services,2021-09-17
95-565-0885,Dara,Folini,dfoliniko@baidu.com,Accounting,2024-07-30
49-213-7483,Bernadene,Fahrenbacher,bfahrenbacherkp@nasa.gov,Legal,2024-06-27
04-965-2595,Rennie,Verrall,rverrallkq@hc360.com,Services,2024-06-26
00-844-2747,Ruby,Langrick,rlangrickkr@wordpress.org,Services,2021-12-05
39-995-4806,Shadow,Barroux,sbarrouxks@wikia.com,Training,2024-01-31
54-886-0013,Erich,Penhaligon,epenhaligonkt@theglobeandmail.com,Services,2023-04-15
45-382-3053,Liva,Morsley,lmorsleyku@dmoz.org,Support,2023-09-07
65-744-3376,Paxton,Ramm,prammkv@umich.edu,Accounting,2020-12-06
36-860-5361,Morty,Toe,mtoekw@github.com,Human Resources,2023-06-22
89-101-1873,Shalom,Kindred,skindredkx@amazon.com,Marketing,2024-01-12
09-718-0728,Andriana,Dominka,adominkaky@google.es,Product Management,2023-04-30
40-368-1304,Benjie,Warder,bwarderkz@ca.gov,Services,2024-03-04
64-871-7790,Antonella,Childes,achildesl0@quantcast.com,Research and Development,2024-02-04
32-467-5586,Jessalyn,Crowden,jcrowdenl1@ihg.com,Sales,2023-11-26
68-516-8701,Halsey,Sendall,hsendalll2@thetimes.co.uk,Accounting,2022-07-10
79-284-3732,Virginia,Sansom,vsansoml3@amazon.co.uk,Services,2021-09-15
11-115-7608,Patrizio,Povall,ppovalll4@unesco.org,Services,2022-01-14
44-381-5481,Noland,Kinastan,nkinastanl5@census.gov,Human Resources,2021-03-09
21-993-0936,Aida,Potteridge,apotteridgel6@nhs.uk,Business Development,2023-11-01
98-959-1033,Fayette,Kettridge,fkettridgel7@wikimedia.org,Sales,2023-10-17
83-229-7269,Hesther,Denacamp,hdenacampl8@nhs.uk,Product Management,2021-08-28
14-682-4962,Rachelle,MacSween,rmacsweenl9@gizmodo.com,Services,2021-04-11
39-274-2524,Duff,Crumb,dcrumbla@mapquest.com,Marketing,2022-06-06
01-857-9685,Atlanta,Finnimore,afinnimorelb@rakuten.co.jp,Marketing,2024-05-03
52-357-4699,Nesta,Skillman,nskillmanlc@umn.edu,Services,2023-03-16
58-140-4314,Malinda,Salvati,msalvatild@paypal.com,Product Management,2021-09-21
13-518-5571,Xerxes,Viggers,xviggersle@netvibes.com,Marketing,2023-06-19
08-740-7132,Berti,Geockle,bgeocklelf@arizona.edu,Legal,2023-12-31
15-052-8133,Leland,Mawman,lmawmanlg@oaic.gov.au,Human Resources,2023-12-31
27-875-1510,Emera,Grangier,egrangierlh@va.gov,Research and Development,2023-09-14
93-331-1192,Flem,Hance,fhanceli@eepurl.com,Product Management,2022-01-18
53-280-8906,Alastair,Newdick,anewdicklj@storify.com,Marketing,2024-05-03
49-284-9597,Mirilla,Olanda,molandalk@xrea.com,Support,2020-11-12
90-849-2134,Joaquin,Phorsby,jphorsbyll@bluehost.com,Accounting,2021-01-18
49-014-2409,Jaymie,Elt,jeltlm@zimbio.com,Product Management,2022-12-12
96-991-9291,Jany,Mellor,jmellorln@hud.gov,Marketing,2024-09-05
07-686-5246,Lynne,Cardew,lcardewlo@sohu.com,Research and Development,2022-12-15
15-960-9677,Brynne,De Malchar,bdemalcharlp@cnbc.com,Product Management,2022-07-02
01-472-5946,Clarice,Bleaden,cbleadenlq@japanpost.jp,Marketing,2021-10-24
95-553-8684,Janeen,Whooley,jwhooleylr@sphinn.com,Support,2023-02-16
50-850-1355,Clovis,Solesbury,csolesburyls@google.cn,Training,2024-08-04
38-578-2656,Milena,Aron,maronlt@kickstarter.com,Legal,2024-07-26
74-066-5759,Janna,Newick,jnewicklu@list-manage.com,Business Development,2024-02-06
91-992-6506,Ewell,Bellini,ebellinilv@mapy.cz,Business Development,2023-05-23
45-615-3688,Dorine,Sellek,dselleklw@goo.ne.jp,Business Development,2022-02-21
37-511-6461,Joyann,Perrottet,jperrottetlx@tripod.com,Marketing,2023-07-05
47-171-1791,Tandie,Mieville,tmievillely@businessinsider.com,Legal,2024-01-10
64-793-3165,Erina,Heaffey,eheaffeylz@mail.ru,Marketing,2021-12-22
08-810-8268,Mikey,Shepheard,mshepheardm0@bizjournals.com,Human Resources,2024-06-06
89-442-4999,Clarette,Towers,ctowersm1@businessweek.com,Research and Development,2021-08-16
78-880-1994,Allard,Southers,asouthersm2@privacy.gov.au,Engineering,2024-09-07
91-891-4485,Hillel,Cyson,hcysonm3@ca.gov,Product Management,2020-12-31
19-725-0677,Stanton,Housen,shousenm4@tinypic.com,Research and Development,2023-01-15
82-468-1582,Daria,Ravenshaw,dravenshawm5@networksolutions.com,Support,2024-05-15
42-424-7602,Erastus,Filyakov,efilyakovm6@wufoo.com,Services,2023-04-09
38-265-2583,Rubin,Feares,rfearesm7@cloudflare.com,Sales,2023-01-12
99-522-8454,Winifield,Bennion,wbennionm8@google.ca,Engineering,2022-09-22
71-671-5402,Brook,Waldron,bwaldronm9@last.fm,Services,2023-04-23
36-580-2448,Brocky,Firpo,bfirpoma@kickstarter.com,Business Development,2021-12-13
26-107-9689,Dante,Berendsen,dberendsenmb@wikimedia.org,Services,2023-03-14
55-952-0785,Marshal,Joyce,mjoycemc@simplemachines.org,Engineering,2021-05-03
28-754-2453,Vanna,Mealham,vmealhammd@aboutads.info,Research and Development,2022-04-14
71-819-0101,Darby,Giraudy,dgiraudyme@accuweather.com,Product Management,2021-12-22
25-337-2830,Jocelyne,Southouse,jsouthousemf@tripod.com,Product Management,2023-12-22
20-843-6352,Esmaria,Lewsie,elewsiemg@slate.com,Business Development,2022-05-23
69-251-5744,Lettie,Trill,ltrillmh@ftc.gov,Human Resources,2020-11-14
45-822-7196,Lilith,Considine,lconsidinemi@amazonaws.com,Engineering,2022-07-19
92-871-2687,Welch,Seyers,wseyersmj@utexas.edu,Marketing,2023-07-28
66-682-2899,Brittni,Gerholz,bgerholzmk@stanford.edu,Marketing,2023-03-08
32-041-0664,Melody,Skain,mskainml@aol.com,Research and Development,2021-11-23
72-135-0839,Brenn,Barehead,bbareheadmm@csmonitor.com,Research and Development,2024-09-05
87-296-2298,Hymie,Gebhard,hgebhardmn@walmart.com,Accounting,2024-01-29
60-381-3350,Roxie,Symson,rsymsonmo@jalbum.net,Business Development,2021-05-30
77-240-7636,Marlo,Meikle,mmeiklemp@ocn.ne.jp,Human Resources,2023-04-28
38-323-8518,Reginald,Adamski,radamskimq@ed.gov,Support,2022-06-05
47-179-3709,Guinna,Bails,gbailsmr@who.int,Legal,2023-05-04
22-194-2286,Theadora,Shorey,tshoreyms@indiegogo.com,Accounting,2024-09-13
51-124-6781,Tobey,Fideler,tfidelermt@istockphoto.com,Marketing,2024-04-29
23-431-3858,Gypsy,Worsnip,gworsnipmu@e-recht24.de,Research and Development,2023-05-15
55-422-2370,Kaine,Goodbarne,kgoodbarnemv@merriam-webster.com,Business Development,2023-11-12
67-067-5318,Loralee,Pinson,lpinsonmw@microsoft.com,Research and Development,2023-12-30
81-834-1538,Flory,McLice,fmclicemx@eepurl.com,Business Development,2020-11-05
47-461-1590,Sigfrid,Hunter,shuntermy@cisco.com,Research and Development,2020-11-10
25-200-5597,Remy,Ottewell,rottewellmz@multiply.com,Training,2021-06-01
68-744-7321,Jeno,McKelvey,jmckelveyn0@deliciousdays.com,Training,2022-05-30
96-413-4397,Nelly,Mathou,nmathoun1@chronoengine.com,Research and Development,2020-11-21
61-483-0714,Bailey,Ellesmere,bellesmeren2@amazon.com,Research and Development,2021-08-20
42-383-6246,Antons,Zambonini,azamboninin3@storify.com,Engineering,2022-02-25
33-486-7258,Ted,Lanktree,tlanktreen4@symantec.com,Legal,2024-07-14
10-327-8852,Melba,Conyers,mconyersn5@tripadvisor.com,Legal,2022-10-04
03-275-7730,Lynnelle,McQuirk,lmcquirkn6@arizona.edu,Services,2021-01-27
46-514-3434,Karlen,Fulun,kfulunn7@webeden.co.uk,Training,2022-01-14
19-125-9357,Melessa,Lattin,mlattinn8@altervista.org,Research and Development,2021-02-16
63-427-5161,Marika,Hallgalley,mhallgalleyn9@cisco.com,Support,2021-05-27
61-334-2797,Jesse,Mogey,jmogeyna@freewebs.com,Product Management,2023-08-06
07-433-6525,Isadora,Mehew,imehewnb@domainmarket.com,Support,2023-05-05
84-653-8921,Clayton,Ridd,criddnc@ca.gov,Product Management,2020-10-26
28-515-1517,Mattias,Nozzolii,mnozzoliind@seesaa.net,Legal,2023-08-17
87-969-8040,Konrad,Stubbe,kstubbene@yellowbook.com,Product Management,2022-03-22
85-664-3790,Theresina,Jeves,tjevesnf@behance.net,Product Management,2024-01-01
71-343-9720,Jeannine,Verny,jvernyng@wikimedia.org,Product Management,2021-04-03
41-811-1343,Melamie,Caldecourt,mcaldecourtnh@nhs.uk,Training,2024-06-07
93-424-9248,Tracee,Earie,tearieni@flickr.com,Legal,2023-03-11
04-415-5112,Gerhardine,Shyre,gshyrenj@livejournal.com,Support,2021-02-13
41-915-4136,Nobie,Hinrichs,nhinrichsnk@yelp.com,Sales,2022-04-21
69-962-5691,Reggie,Lamasna,rlamasnanl@fastcompany.com,Business Development,2023-09-20
38-665-6772,Hew,Glowacki,hglowackinm@seesaa.net,Research and Development,2022-01-27
54-190-7008,Jamesy,Gahan,jgahannn@yahoo.com,Accounting,2021-02-22
41-379-5347,Ximenez,Saffen,xsaffenno@wsj.com,Accounting,2021-12-14
57-616-5487,Shaine,Wanless,swanlessnp@artisteer.com,Product Management,2023-04-16
76-098-2869,Cirstoforo,Domney,cdomneynq@pinterest.com,Human Resources,2021-01-28
70-372-1174,Antonius,Papes,apapesnr@drupal.org,Engineering,2023-01-07
84-086-4373,Aubine,Verny,avernyns@netvibes.com,Accounting,2021-08-26
82-113-7887,Tabbitha,Elcox,telcoxnt@yale.edu,Sales,2021-09-16
64-749-8994,Yvonne,Coppen,ycoppennu@vimeo.com,Engineering,2021-10-27
77-545-9341,Shena,Storror,sstorrornv@icio.us,Support,2021-12-19
07-386-9492,Norah,Chape,nchapenw@fema.gov,Human Resources,2024-07-29
22-742-2800,Dorolice,Cornils,dcornilsnx@wordpress.org,Sales,2024-04-21
47-203-6302,Mirabella,Stanbury,mstanburyny@smh.com.au,Human Resources,2024-01-21
44-198-6408,Clifford,Bustard,cbustardnz@wired.com,Accounting,2024-02-07
83-732-4972,Wallis,Cuningham,wcuninghamo0@berkeley.edu,Sales,2022-09-15
53-575-0135,Lilli,Cejka,lcejkao1@npr.org,Services,2021-11-21
30-709-6240,Ernesto,Eades,eeadeso2@blogspot.com,Marketing,2021-12-19
18-258-7188,Mandi,McElroy,mmcelroyo3@aol.com,Human Resources,2021-06-14
72-014-5701,Fallon,Gerrens,fgerrenso4@howstuffworks.com,Sales,2022-03-15
98-201-4630,Mair,Berzen,mberzeno5@paginegialle.it,Product Management,2021-01-17
48-008-3644,Urbanus,Pea,upeao6@bing.com,Accounting,2020-12-06
26-728-1074,Gerry,Skitteral,gskitteralo7@google.fr,Training,2023-08-19
49-500-9507,Elisha,Plumbridge,eplumbridgeo8@ucsd.edu,Training,2022-08-05
53-397-8971,Peria,Feeney,pfeeneyo9@instagram.com,Research and Development,2022-05-02
26-092-6653,Hestia,Danaher,hdanaheroa@example.com,Accounting,2020-09-17
66-141-2926,Griffy,Bywaters,gbywatersob@ca.gov,Engineering,2022-09-08
56-944-0038,Kiersten,Lamey,klameyoc@livejournal.com,Sales,2021-11-12
33-312-4190,Oliver,Berka,oberkaod@ebay.com,Product Management,2022-03-16
01-712-8020,Joshuah,Myott,jmyottoe@xing.com,Research and Development,2022-02-16
49-910-2462,Andonis,Roston,arostonof@dell.com,Support,2022-07-04
35-215-1052,Chevy,Dignall,cdignallog@e-recht24.de,Marketing,2021-06-20
02-946-8714,Olimpia,Claussen,oclaussenoh@eventbrite.com,Sales,2022-01-07
06-463-0302,Lara,Fridaye,lfridayeoi@blog.com,Support,2021-04-28
03-420-2548,Cornela,O'Sharkey,cosharkeyoj@examiner.com,Business Development,2023-08-11
48-829-2153,Ermengarde,Goldsby,egoldsbyok@hhs.gov,Marketing,2023-08-29
24-331-1837,Winny,Bellwood,wbellwoodol@umn.edu,Engineering,2021-10-04
05-542-7469,Steffi,Steggles,sstegglesom@vistaprint.com,Support,2024-04-28
32-728-1270,Simon,Szwarc,sszwarcon@acquirethisname.com,Engineering,2023-03-13
26-292-2659,Elmo,Mackneis,emackneisoo@youtube.com,Services,2021-10-14
37-220-2280,Robinia,Hellis,rhellisop@dyndns.org,Human Resources,2023-02-19
96-492-2158,Lynnett,Smullen,lsmullenoq@xrea.com,Sales,2024-07-26
89-533-1091,Pansy,Silly,psillyor@acquirethisname.com,Human Resources,2021-08-06
65-573-9072,Lewie,McCulley,lmcculleyos@mit.edu,Marketing,2021-01-16
35-088-4953,Dacey,Drinkale,ddrinkaleot@merriam-webster.com,Services,2020-11-07
80-576-3934,Gregoor,Colqueran,gcolqueranou@skyrock.com,Engineering,2023-09-29
20-631-1779,Bobina,Illidge,billidgeov@berkeley.edu,Support,2021-01-10
21-484-0301,Kirbie,Fraanchyonok,kfraanchyonokow@sphinn.com,Training,2021-05-19
79-629-2757,Ardyth,Chatters,achattersox@biblegateway.com,Human Resources,2022-07-14
33-647-7165,Caterina,Vasiltsov,cvasiltsovoy@goo.gl,Sales,2023-03-29
06-788-0924,Birk,Glader,bgladeroz@kickstarter.com,Training,2023-11-05
12-820-1212,Verge,Elderkin,velderkinp0@paginegialle.it,Product Management,2021-04-24
54-570-4332,Spencer,Pennell,spennellp1@theguardian.com,Research and Development,2024-01-25
28-566-4059,Leoine,Bercher,lbercherp2@oaic.gov.au,Sales,2022-02-03
29-436-6754,Averell,Welburn,awelburnp3@theguardian.com,Support,2024-06-05
12-176-2589,Rik,Gueste,rguestep4@altervista.org,Sales,2024-03-13
75-002-4765,Norina,Botger,nbotgerp5@wix.com,Support,2021-09-07
50-523-2152,Patty,Denge,pdengep6@youku.com,Support,2022-03-15
61-956-3960,Carol,Rymell,crymellp7@yahoo.co.jp,Accounting,2021-11-17
40-828-6870,Duff,Draper,ddraperp8@constantcontact.com,Business Development,2021-06-07
53-759-1481,Clemens,Lynock,clynockp9@a8.net,Business Development,2024-03-17
40-946-3890,Vania,Beilby,vbeilbypa@nytimes.com,Product Management,2023-05-07
04-626-2742,Eb,O'Skehan,eoskehanpb@usa.gov,Human Resources,2023-05-17
40-351-5523,Candra,Galletly,cgalletlypc@cbsnews.com,Services,2021-11-09
95-307-4381,Berny,Berge,bbergepd@hugedomains.com,Research and Development,2021-11-01
91-773-9073,Andras,Chadband,achadbandpe@ted.com,Training,2021-06-29
23-619-1062,Delmore,Houldey,dhouldeypf@mediafire.com,Legal,2022-07-31
43-005-5461,Jo-anne,Bessom,jbessompg@fema.gov,Research and Development,2021-05-12
43-428-7785,Mahalia,Laweles,mlawelesph@ning.com,Services,2020-09-23
35-022-9437,Thayne,Poytress,tpoytresspi@feedburner.com,Legal,2023-12-12
26-865-5855,Corliss,Trammel,ctrammelpj@icio.us,Training,2022-08-15
32-482-8072,Virginie,Fleeman,vfleemanpk@oaic.gov.au,Engineering,2023-07-03
62-595-6964,Amelita,Cranstoun,acranstounpl@geocities.jp,Training,2020-11-20
81-477-1548,Sisely,Farlowe,sfarlowepm@barnesandnoble.com,Marketing,2024-05-29
48-942-0547,Amata,Iskow,aiskowpn@ustream.tv,Engineering,2024-04-15
17-219-5701,Hi,Prestie,hprestiepo@studiopress.com,Research and Development,2023-06-28
42-867-9161,Andee,Mackleden,amackledenpp@amazon.de,Human Resources,2023-07-15
84-636-1247,Arnaldo,Sach,asachpq@reverbnation.com,Engineering,2020-10-25
53-207-2688,Tibold,Dudny,tdudnypr@woothemes.com,Services,2024-05-24
70-227-0307,Inga,Feasby,ifeasbyps@qq.com,Sales,2024-07-15
10-054-3410,Selina,Teesdale,steesdalept@geocities.com,Legal,2024-05-06
03-060-3222,Michaella,Rickell,mrickellpu@multiply.com,Services,2023-05-02
50-987-9664,Naoma,Hambrick,nhambrickpv@telegraph.co.uk,Services,2024-01-15
73-339-1984,Merrilee,Saye,msayepw@360.cn,Training,2022-03-10
08-112-5492,Corine,Courtenay,ccourtenaypx@ed.gov,Legal,2021-02-20
41-000-9203,Rudolph,McCawley,rmccawleypy@theglobeandmail.com,Legal,2022-02-03
52-430-3931,Lidia,Pippin,lpippinpz@51.la,Marketing,2023-01-20
82-267-7607,Hermy,Bigham,hbighamq0@bbb.org,Legal,2023-10-12
47-151-7286,Elissa,Vankin,evankinq1@noaa.gov,Services,2022-01-02
03-696-9350,Stearne,Possel,sposselq2@oracle.com,Services,2023-04-09
82-550-6386,Randolf,Gligori,rgligoriq3@behance.net,Research and Development,2023-12-07
37-782-9703,Addi,Strathman,astrathmanq4@adobe.com,Accounting,2023-04-21
62-454-5942,Marco,Derobert,mderobertq5@reverbnation.com,Services,2022-04-17
65-357-5833,Dennison,Vonderdell,dvonderdellq6@jugem.jp,Sales,2024-01-31
62-328-0544,Sherlocke,Largan,slarganq7@abc.net.au,Research and Development,2023-06-11
85-467-5941,Ramonda,McMurty,rmcmurtyq8@cyberchimps.com,Sales,2022-10-07
06-949-1857,Imojean,Pettecrew,ipettecrewq9@cisco.com,Human Resources,2023-05-08
79-970-6847,Gerick,Winscomb,gwinscombqa@npr.org,Product Management,2023-11-30
71-508-3726,Suzette,Mawdsley,smawdsleyqb@chron.com,Support,2021-04-04
58-930-8166,Cherida,Scotson,cscotsonqc@sina.com.cn,Marketing,2023-06-27
67-575-1533,Trumann,Hawler,thawlerqd@themeforest.net,Engineering,2023-07-10
89-388-8180,Christal,Bullock,cbullockqe@wikia.com,Legal,2024-05-13
53-332-9675,Lucilia,Deverock,ldeverockqf@dot.gov,Accounting,2024-05-13
26-071-0531,Risa,Blackborne,rblackborneqg@t-online.de,Sales,2021-07-24
26-737-6988,Theodosia,Haughey,thaugheyqh@bbb.org,Sales,2021-10-15
26-321-2149,Shelton,Duignan,sduignanqi@goo.gl,Research and Development,2024-01-10
46-601-5892,Franni,Sowte,fsowteqj@biblegateway.com,Accounting,2022-01-02
10-831-0722,Nonnah,Hoyle,nhoyleqk@shinystat.com,Human Resources,2023-08-28
69-107-3145,Ezri,Rouchy,erouchyql@prweb.com,Product Management,2023-07-21
83-771-5029,Alie,Abrahm,aabrahmqm@fotki.com,Services,2021-04-13
14-372-0588,Orin,Bertomier,obertomierqn@ustream.tv,Support,2024-03-02
66-903-5299,Britt,William,bwilliamqo@dion.ne.jp,Marketing,2023-03-29
84-551-8881,Piotr,MacDunleavy,pmacdunleavyqp@blogspot.com,Services,2024-01-04
79-001-8649,Truman,Parkhouse,tparkhouseqq@i2i.jp,Services,2024-06-06
98-909-0098,Nevile,Satch,nsatchqr@google.com.hk,Human Resources,2023-07-07
54-419-9549,Wyatt,Gunning,wgunningqs@ted.com,Marketing,2023-08-20
00-454-3570,Lyda,Bucktharp,lbucktharpqt@google.co.jp,Accounting,2022-01-01
72-408-8240,Cthrine,Trill,ctrillqu@tmall.com,Human Resources,2022-02-04
17-242-5985,Evangelin,Botham,ebothamqv@wiley.com,Engineering,2022-04-20
18-380-8639,Randy,Trahar,rtraharqw@sbwire.com,Engineering,2023-03-11
06-182-6977,Kerrin,McCarthy,kmccarthyqx@edublogs.org,Sales,2021-08-28
48-474-8580,Merla,Rubinowicz,mrubinowiczqy@buzzfeed.com,Marketing,2022-02-28
60-124-3350,Anjanette,Woodruffe,awoodruffeqz@tinyurl.com,Marketing,2021-01-07
80-910-8977,Evelina,Espinel,eespinelr0@ca.gov,Training,2021-10-20
19-820-0468,Shandy,Goater,sgoaterr1@irs.gov,Training,2024-05-02
14-046-6124,Khalil,Questier,kquestierr2@myspace.com,Accounting,2023-01-25
82-219-9690,Walsh,Cristofalo,wcristofalor3@yelp.com,Services,2021-07-03
61-238-2228,Mellicent,Biasio,mbiasior4@cbslocal.com,Legal,2020-12-31
53-183-8311,Simone,Trickett,strickettr5@xing.com,Marketing,2022-12-14
50-633-9686,Emili,Vlies,evliesr6@chicagotribune.com,Business Development,2020-11-23
36-426-1025,Dorene,Arthan,darthanr7@is.gd,Human Resources,2021-07-30
89-489-2263,Dicky,Greenlees,dgreenleesr8@who.int,Legal,2021-02-08
63-512-0011,Dela,Greenier,dgreenierr9@mayoclinic.com,Marketing,2021-08-16
51-627-0351,Margit,Boswell,mboswellra@wordpress.org,Training,2023-01-24
10-951-9487,Latrena,Ogan,loganrb@jimdo.com,Support,2021-12-03
33-831-7518,Giuditta,Wheway,gwhewayrc@tuttocitta.it,Research and Development,2021-09-22
61-330-2761,Deck,Ubsdell,dubsdellrd@disqus.com,Business Development,2022-06-04
22-654-3128,Shawn,MacCollom,smaccollomre@wisc.edu,Research and Development,2023-01-25
78-063-1111,Evangeline,Flacke,eflackerf@devhub.com,Accounting,2022-07-08
19-168-7400,Diarmid,Nerney,dnerneyrg@wikimedia.org,Product Management,2021-10-02
21-927-7084,Lorene,Cumber,lcumberrh@imgur.com,Training,2021-01-29
95-350-8698,Twyla,Jendrys,tjendrysri@gizmodo.com,Accounting,2024-02-07
57-395-7356,Sallee,Aslott,saslottrj@npr.org,Marketing,2021-05-17
06-527-9199,Ronny,Lathan,rlathanrk@desdev.cn,Training,2023-09-06
62-010-5206,Jose,Rowlstone,jrowlstonerl@buzzfeed.com,Accounting,2023-01-08
89-020-8446,Antone,Deinhardt,adeinhardtrm@eepurl.com,Product Management,2022-06-14
12-460-8823,Felice,Caulkett,fcaulkettrn@hao123.com,Training,2023-09-05
51-416-4312,Perry,Swinn,pswinnro@histats.com,Sales,2023-12-15
61-998-9830,Edithe,Mainz,emainzrp@jiathis.com,Accounting,2023-06-15
27-108-0001,Katharine,Oppy,koppyrq@imgur.com,Human Resources,2024-08-06
62-117-4090,Victoria,Maiden,vmaidenrr@mozilla.com,Legal,2020-11-14
