student_id,first_name,last_name,email,department,year_of_study
91-953-3240,Sawyere,Maffiotti,smaffiotti0@thetimes.co.uk,Services,2024-03-26
74-118-4200,Zaccaria,Pacheco,zpacheco1@webeden.co.uk,Training,2022-03-27
50-320-1572,Nilson,Stevani,nstevani2@hc360.com,Support,2024-04-11
77-670-9013,Durand,Sammes,dsammes3@wiley.com,Marketing,2022-02-11
18-376-3577,Rollin,Towson,rtowson4@instagram.com,Legal,2023-11-14
97-583-5841,Raffaello,Ready,rready5@house.gov,Training,2023-02-10
53-441-3823,Brandy,Draper,bdraper6@typepad.com,Legal,2021-07-25
33-420-4065,Dulsea,Ferrick,dferrick7@youku.com,Product Management,2022-10-24
20-220-2734,Lizzie,Krol,lkrol8@drupal.org,Accounting,2021-06-12
07-864-5290,Dorey,Houdmont,dhoudmont9@xing.com,Training,2024-01-11
50-507-6840,Alvira,Hearty,aheartya@mozilla.org,Product Management,2021-03-11
26-998-7129,Aurelie,Jentges,ajentgesb@tinypic.com,Marketing,2024-05-14
78-153-9521,Rodger,April,raprilc@so-net.ne.jp,Legal,2022-10-29
26-058-7987,Roldan,Armytage,rarmytaged@amazonaws.com,Sales,2022-08-28
88-472-0745,Nicol,Kedge,nkedgee@admin.ch,Sales,2023-11-13
56-811-6312,Sibilla,Fort,sfortf@cbc.ca,Product Management,2024-07-31
89-529-2140,Alec,Mallan,amallang@imgur.com,Accounting,2023-07-05
04-197-8979,Alford,Ballaam,aballaamh@yahoo.com,Research and Development,2024-02-22
66-288-9548,Odessa,MacEnelly,omacenellyi@umn.edu,Human Resources,2022-05-06
00-556-9099,Dewain,McDonell,dmcdonellj@elpais.com,Marketing,2021-01-20
43-929-7348,Gretal,Pittoli,gpittolik@alexa.com,Business Development,2023-05-25
03-796-2569,Lindi,Cudby,lcudbyl@walmart.com,Product Management,2024-06-22
95-113-3226,Ginnie,Mylechreest,gmylechreestm@icq.com,Business Development,2022-03-08
91-893-2043,Jo-anne,Aronow,jaronown@addthis.com,Legal,2021-01-17
65-674-0427,Johnath,Mordon,jmordono@paypal.com,Business Development,2023-02-12
72-506-0542,Wilbert,Walcher,wwalcherp@skype.com,Product Management,2021-09-19
33-678-5884,Cchaddie,Tonbridge,ctonbridgeq@devhub.com,Research and Development,2023-06-09
32-880-0228,Raquel,Loughhead,rloughheadr@fc2.com,Legal,2022-05-15
90-583-8302,Trude,Rocks,trockss@rakuten.co.jp,Sales,2020-10-27
55-796-5688,Filip,Merry,fmerryt@dagondesign.com,Support,2021-09-23
58-026-5876,Hilliard,Millmore,hmillmoreu@flavors.me,Research and Development,2021-12-07
21-828-1821,Alfonso,Pitkaithly,apitkaithlyv@edublogs.org,Support,2021-10-06
97-818-0796,Samaria,McGarry,smcgarryw@state.gov,Sales,2021-12-31
79-460-8148,Kenton,Pitrollo,kpitrollox@a8.net,Research and Development,2023-07-17
56-072-7870,Katerina,Dowbakin,kdowbakiny@mail.ru,Training,2022-10-08
46-517-8413,Magdalene,Feveryear,mfeveryearz@google.ca,Product Management,2023-02-28
81-869-7393,Christine,Troop,ctroop10@facebook.com,Product Management,2022-07-06
91-749-5549,Renard,Grimestone,rgrimestone11@aboutads.info,Human Resources,2024-08-14
20-726-6865,Sofia,Dalgardno,sdalgardno12@wikimedia.org,Product Management,2022-05-30
92-945-2412,Frazer,Larvent,flarvent13@de.vu,Human Resources,2022-05-15
55-273-9749,Josias,Gallatly,jgallatly14@livejournal.com,Training,2020-12-27
71-465-1142,Steffie,Rubert,srubert15@skype.com,Marketing,2021-05-08
51-176-3979,Basia,Titterrell,btitterrell16@guardian.co.uk,Training,2024-05-21
62-404-0158,Lorrie,Enstone,lenstone17@newyorker.com,Marketing,2021-10-02
65-137-4884,Cordelia,Dukes,cdukes18@google.ru,Product Management,2021-12-04
94-267-3965,Lucilia,Glanders,lglanders19@digg.com,Product Management,2021-12-06
19-110-9615,Herve,Extall,hextall1a@github.io,Business Development,2021-06-12
44-755-0764,Woodman,Lambdin,wlambdin1b@w3.org,Human Resources,2023-12-21
86-683-2185,Elizabet,Gilder,egilder1c@cdc.gov,Legal,2021-05-07
72-872-4842,Jeff,Goggey,jgoggey1d@weibo.com,Marketing,2021-06-17
63-970-1010,Lilias,Josovich,ljosovich1e@wunderground.com,Training,2021-11-07
28-720-7300,Jean,Whopples,jwhopples1f@yandex.ru,Engineering,2021-10-30
16-011-1252,Frasier,Mosson,fmosson1g@admin.ch,Legal,2022-07-02
05-909-0173,Alanah,Bruineman,abruineman1h@flavors.me,Support,2024-05-26
70-552-8055,Jenna,Heppenspall,jheppenspall1i@tuttocitta.it,Human Resources,2024-01-03
14-681-4694,Dodie,McGillacoell,dmcgillacoell1j@goo.ne.jp,Human Resources,2024-01-19
05-063-8396,Gerladina,Fetherstan,gfetherstan1k@gnu.org,Engineering,2023-12-07
59-801-1631,Lorin,Kimmitt,lkimmitt1l@mapquest.com,Engineering,2023-11-12
74-799-6464,Barry,Albiston,balbiston1m@umich.edu,Accounting,2023-12-19
73-811-3329,Humbert,Heller,hheller1n@gov.uk,Services,2024-08-02
69-166-1203,Dulcea,Filyushkin,dfilyushkin1o@disqus.com,Product Management,2023-12-29
16-877-6828,Cyrill,Tuckett,ctuckett1p@51.la,Accounting,2022-03-16
60-835-3484,Arnuad,Trigwell,atrigwell1q@mashable.com,Product Management,2020-11-19
94-557-3073,Dagmar,Tuffs,dtuffs1r@sphinn.com,Sales,2022-05-28
34-775-8617,Fancy,Isaksson,fisaksson1s@wikipedia.org,Engineering,2024-05-28
37-976-5300,Hurlee,Espinal,hespinal1t@opensource.org,Product Management,2021-08-21
52-423-1221,Bertram,Screach,bscreach1u@cpanel.net,Product Management,2023-01-07
97-665-2475,Ianthe,Sailes,isailes1v@dell.com,Human Resources,2024-06-06
32-108-8936,Krissy,Bonnaire,kbonnaire1w@hexun.com,Legal,2021-06-02
35-983-5052,Gearard,Riteley,griteley1x@theguardian.com,Sales,2021-04-04
77-764-7063,Bren,Langstrath,blangstrath1y@123-reg.co.uk,Accounting,2022-01-23
56-712-5260,Lanie,Callington,lcallington1z@nydailynews.com,Human Resources,2021-06-20
96-391-5825,Zabrina,Coldbreath,zcoldbreath20@dell.com,Marketing,2021-02-28
51-397-2160,Wileen,Burrus,wburrus21@theatlantic.com,Business Development,2021-09-07
04-595-4628,Hamnet,Juppe,hjuppe22@un.org,Marketing,2022-04-13
80-372-8063,Florenza,Serman,fserman23@cargocollective.com,Legal,2021-03-25
75-874-9659,Fitz,Realph,frealph24@army.mil,Engineering,2023-08-19
65-986-5901,Marna,Varran,mvarran25@google.com.au,Product Management,2023-02-16
35-880-9203,Smith,Maruszewski,smaruszewski26@gmpg.org,Business Development,2024-05-27
08-284-7356,Eldon,Adamini,eadamini27@salon.com,Research and Development,2021-03-03
34-592-2345,Marna,Kellough,mkellough28@harvard.edu,Legal,2022-09-22
10-877-4195,Pate,Ritchings,pritchings29@sfgate.com,Human Resources,2020-12-05
44-300-3904,Adler,Renneke,arenneke2a@intel.com,Services,2023-12-26
92-893-5953,Skipper,Montfort,smontfort2b@surveymonkey.com,Research and Development,2023-06-25
80-465-1964,Earl,Swayte,eswayte2c@ow.ly,Training,2023-07-11
61-897-6722,Brod,Sellars,bsellars2d@bandcamp.com,Sales,2022-04-13
38-810-4702,Judie,Colquyte,jcolquyte2e@typepad.com,Training,2024-07-28
15-840-6358,Krishnah,Hailes,khailes2f@ustream.tv,Accounting,2022-05-24
22-716-2396,Lance,Rainton,lrainton2g@gmpg.org,Marketing,2023-08-06
61-538-5596,Jessika,Mecozzi,jmecozzi2h@ustream.tv,Sales,2024-05-06
17-247-5981,Tonye,Gilbey,tgilbey2i@columbia.edu,Business Development,2023-08-11
46-418-8042,Casar,Pitford,cpitford2j@walmart.com,Sales,2021-09-03
50-515-8497,Malissa,Blakden,mblakden2k@telegraph.co.uk,Engineering,2022-05-09
42-444-6770,Herminia,Shellard,hshellard2l@multiply.com,Human Resources,2023-05-18
64-311-8506,Darryl,Ginnally,dginnally2m@networkadvertising.org,Research and Development,2023-08-03
50-801-1096,Silvano,Pickthall,spickthall2n@rediff.com,Business Development,2023-09-21
01-150-3572,Matilde,Alten,malten2o@webmd.com,Legal,2021-07-09
71-187-2503,Henriette,Gregersen,hgregersen2p@cnet.com,Engineering,2021-03-14
69-474-8056,Larissa,Treversh,ltreversh2q@naver.com,Product Management,2022-03-21
29-824-0229,Morna,Vasin,mvasin2r@ox.ac.uk,Legal,2022-10-22
99-374-3675,Elmira,Cuttelar,ecuttelar2s@discuz.net,Training,2020-12-21
36-177-3563,Bernita,Hatrey,bhatrey2t@craigslist.org,Engineering,2024-02-02
30-890-7597,Karrie,Goranov,kgoranov2u@tamu.edu,Engineering,2021-08-15
29-072-3862,Putnam,Blaxlande,pblaxlande2v@csmonitor.com,Training,2024-06-28
97-883-4591,Alexio,Pennycock,apennycock2w@drupal.org,Accounting,2022-12-25
15-764-0604,Rikki,Capehorn,rcapehorn2x@usda.gov,Sales,2022-10-24
94-427-3546,Sheilakathryn,Scocroft,sscocroft2y@eepurl.com,Training,2024-03-29
50-212-0798,Cassi,Cutforth,ccutforth2z@imgur.com,Sales,2020-10-24
78-780-4027,Marleah,Tatum,mtatum30@tmall.com,Legal,2022-01-15
53-110-4888,Jareb,Brower,jbrower31@tinypic.com,Research and Development,2024-03-21
98-653-6020,Alvy,Haistwell,ahaistwell32@webeden.co.uk,Support,2024-01-24
44-240-1188,Mitchel,Marklin,mmarklin33@google.es,Business Development,2024-03-07
36-501-1585,Neal,Doyley,ndoyley34@slideshare.net,Human Resources,2021-02-20
05-098-9256,Rocky,Stable,rstable35@woothemes.com,Sales,2024-02-06
60-816-2864,Cleo,Sausman,csausman36@behance.net,Legal,2023-05-25
63-438-1687,Miguela,Kimbley,mkimbley37@scientificamerican.com,Business Development,2022-08-08
22-277-8250,Saul,Dunnan,sdunnan38@samsung.com,Support,2021-07-06
94-120-7893,Josiah,Riveles,jriveles39@pinterest.com,Sales,2023-05-05
06-065-9508,Abeu,Spraging,aspraging3a@vinaora.com,Business Development,2020-12-06
12-356-1300,Garvin,Reef,greef3b@usnews.com,Legal,2023-05-24
30-222-8268,Tabby,Carstairs,tcarstairs3c@hp.com,Business Development,2022-09-16
86-629-6835,Camilla,McNirlan,cmcnirlan3d@epa.gov,Engineering,2021-09-17
70-607-9186,Cindra,Dudenie,cdudenie3e@ezinearticles.com,Training,2022-03-07
39-870-8575,Belvia,Kharchinski,bkharchinski3f@independent.co.uk,Legal,2021-01-14
88-152-2911,Ulric,Ledram,uledram3g@pinterest.com,Product Management,2020-11-18
06-466-4538,Derick,Lambricht,dlambricht3h@economist.com,Legal,2022-12-10
89-191-3505,Callean,Hanratty,chanratty3i@cbsnews.com,Sales,2022-10-19
42-352-0078,Lexi,Pickton,lpickton3j@cdbaby.com,Business Development,2021-09-13
20-897-0320,Finley,Schoales,fschoales3k@barnesandnoble.com,Engineering,2022-12-10
19-173-8347,Alina,Bendik,abendik3l@ox.ac.uk,Services,2021-05-06
79-768-6822,Melisent,Jeremaes,mjeremaes3m@samsung.com,Research and Development,2024-09-12
79-148-8787,Alessandro,Newis,anewis3n@123-reg.co.uk,Accounting,2023-09-21
25-473-7203,Leah,Durber,ldurber3o@google.com.hk,Support,2023-02-21
34-464-9883,Consuelo,Gladtbach,cgladtbach3p@ezinearticles.com,Research and Development,2022-02-06
49-222-9207,Elianora,Hoovart,ehoovart3q@jiathis.com,Human Resources,2021-01-03
70-429-9985,Pearla,Wythill,pwythill3r@infoseek.co.jp,Support,2020-12-16
91-198-9652,Tomi,Lias,tlias3s@soundcloud.com,Legal,2021-10-18
36-155-6808,Mella,Brissard,mbrissard3t@usda.gov,Marketing,2022-08-25
77-222-6773,Rhona,Howson,rhowson3u@privacy.gov.au,Legal,2024-08-06
35-994-3058,Cora,Filson,cfilson3v@wp.com,Legal,2020-11-21
29-088-7135,Nappie,McCrainor,nmccrainor3w@marriott.com,Engineering,2021-08-13
38-973-0203,Addia,Battin,abattin3x@hubpages.com,Research and Development,2024-01-02
60-959-3475,Raul,Rosson,rrosson3y@parallels.com,Services,2022-09-18
19-987-7105,Duane,Domingues,ddomingues3z@dailymail.co.uk,Human Resources,2021-09-16
79-979-2217,Dwight,Ghidoni,dghidoni40@nyu.edu,Sales,2022-01-14
93-693-3474,Chad,Kibard,ckibard41@go.com,Services,2023-07-02
46-950-0762,Corie,Wynrehame,cwynrehame42@rediff.com,Research and Development,2022-03-07
25-703-5926,Domenico,Gunning,dgunning43@ow.ly,Business Development,2022-06-03
50-414-4682,Lanna,Skittrall,lskittrall44@networkadvertising.org,Engineering,2022-09-15
45-147-7265,Bryant,Dunsford,bdunsford45@bing.com,Engineering,2024-08-27
05-685-8405,Andrej,Norheny,anorheny46@simplemachines.org,Accounting,2022-07-17
86-525-7836,Dunstan,Manwaring,dmanwaring47@typepad.com,Accounting,2021-03-09
81-228-3210,Huntington,McClinton,hmcclinton48@ebay.co.uk,Business Development,2022-09-22
21-166-1822,Lilah,Doughtery,ldoughtery49@boston.com,Sales,2023-04-08
24-511-7101,Godwin,Baggalley,gbaggalley4a@huffingtonpost.com,Product Management,2022-09-28
59-270-9158,Cary,Pyffe,cpyffe4b@accuweather.com,Support,2023-09-06
17-621-5749,Anthiathia,Pantin,apantin4c@technorati.com,Accounting,2021-03-25
80-884-5213,Garvey,Shawyers,gshawyers4d@godaddy.com,Accounting,2022-03-25
06-120-2693,Verge,McGiffin,vmcgiffin4e@ucoz.com,Accounting,2023-02-23
57-489-8851,Jarred,Beverage,jbeverage4f@gov.uk,Legal,2021-12-25
24-558-7720,Barty,Buddock,bbuddock4g@auda.org.au,Human Resources,2022-11-03
11-685-1137,Benton,Purkiss,bpurkiss4h@meetup.com,Sales,2023-08-13
45-627-8227,Skippie,Philippou,sphilippou4i@jigsy.com,Training,2021-02-26
86-501-7647,Marielle,Sewart,msewart4j@princeton.edu,Accounting,2024-01-19
46-069-6269,Westbrook,Ferreo,wferreo4k@discovery.com,Research and Development,2022-07-31
35-044-3462,Fiann,Pyott,fpyott4l@xing.com,Business Development,2022-03-20
07-336-1466,Marcy,Grimwad,mgrimwad4m@elpais.com,Accounting,2023-02-10
41-198-4489,Maye,McPhater,mmcphater4n@joomla.org,Legal,2024-07-08
67-205-9605,Hedvig,Wessing,hwessing4o@nps.gov,Support,2023-10-23
11-569-0372,Molli,Parton,mparton4p@wired.com,Legal,2023-04-21
76-881-7161,Shirleen,Vasyukhin,svasyukhin4q@cpanel.net,Accounting,2021-02-28
40-591-2560,Gus,Dymoke,gdymoke4r@feedburner.com,Engineering,2021-06-16
34-837-3574,Dorella,Latch,dlatch4s@chron.com,Product Management,2021-01-29
31-282-2504,Lotte,Weir,lweir4t@mediafire.com,Training,2020-12-09
01-191-8782,Phyllis,Kobke,pkobke4u@cocolog-nifty.com,Product Management,2023-01-31
67-565-5079,Arri,Pepperell,apepperell4v@china.com.cn,Human Resources,2021-07-31
57-187-7747,Netti,Wedderburn,nwedderburn4w@odnoklassniki.ru,Training,2022-08-24
27-266-4340,Berry,Hatje,bhatje4x@geocities.com,Sales,2024-06-26
25-962-3034,Charmane,Baike,cbaike4y@google.com.hk,Business Development,2020-10-14
93-711-8611,Hanni,Harlin,hharlin4z@dmoz.org,Accounting,2021-08-19
95-562-7802,Phylis,Fritz,pfritz50@oracle.com,Human Resources,2022-04-15
78-698-4960,Avrom,Gambell,agambell51@weibo.com,Accounting,2023-12-12
76-810-0447,Nicolette,Ortmann,nortmann52@bravesites.com,Legal,2020-10-23
87-885-8766,Simonette,Seage,sseage53@surveymonkey.com,Training,2022-07-10
57-861-9011,Harrie,Consadine,hconsadine54@hud.gov,Services,2023-03-01
17-291-6904,Carmen,Domeney,cdomeney55@ask.com,Sales,2022-05-29
40-727-5265,Saxe,McIlveen,smcilveen56@bravesites.com,Human Resources,2021-04-01
62-377-3816,Franny,Greatrakes,fgreatrakes57@blog.com,Research and Development,2023-09-15
51-724-8212,Annalise,Daugherty,adaugherty58@goodreads.com,Product Management,2021-09-18
48-303-8626,Ulrick,Ecclestone,uecclestone59@odnoklassniki.ru,Human Resources,2021-11-07
10-093-8705,Leonidas,Rubinowitz,lrubinowitz5a@pen.io,Services,2021-03-18
72-625-4759,Janna,Cowperthwaite,jcowperthwaite5b@about.com,Product Management,2023-09-09
28-379-4040,Frederique,Pantridge,fpantridge5c@discovery.com,Engineering,2022-10-01
99-925-2542,Jolynn,Labrum,jlabrum5d@stanford.edu,Support,2022-01-18
70-530-2443,Thom,Snazle,tsnazle5e@shop-pro.jp,Marketing,2022-08-02
30-358-3578,Eleonora,Nolot,enolot5f@loc.gov,Accounting,2022-12-30
06-639-7702,Emelyne,Kirsch,ekirsch5g@alexa.com,Business Development,2020-10-14
85-226-3230,Filberte,Mussen,fmussen5h@washingtonpost.com,Human Resources,2024-03-05
29-214-7570,Nichols,Emlyn,nemlyn5i@dell.com,Product Management,2022-11-21
77-400-3317,Katherina,Faye,kfaye5j@toplist.cz,Training,2022-01-08
47-748-2570,Dukey,Ganley,dganley5k@google.co.uk,Sales,2022-04-11
12-447-1426,Patricio,Arrington,parrington5l@skyrock.com,Engineering,2024-05-02
41-563-7858,Gannie,Hampshaw,ghampshaw5m@kickstarter.com,Business Development,2021-09-11
84-744-5636,Jacinthe,Axtell,jaxtell5n@nationalgeographic.com,Marketing,2023-07-28
82-897-4633,Baxie,MacCracken,bmaccracken5o@pcworld.com,Sales,2022-12-25
63-375-2879,Marlowe,Mound,mmound5p@wordpress.com,Business Development,2023-05-02
15-396-8948,Conway,Fishbourne,cfishbourne5q@flickr.com,Training,2022-01-02
04-935-2337,Gilberta,Beausang,gbeausang5r@netscape.com,Marketing,2023-07-01
95-902-2301,Arie,Carmel,acarmel5s@csmonitor.com,Sales,2020-09-16
79-368-5319,Cordelie,Vecard,cvecard5t@meetup.com,Services,2024-07-11
75-934-8607,Leon,Renals,lrenals5u@google.com,Support,2021-06-23
03-036-0370,Mindy,Boich,mboich5v@bbb.org,Sales,2021-03-01
05-517-2610,Carolann,McCathy,cmccathy5w@topsy.com,Training,2024-02-18
80-962-0415,Ogden,Shorland,oshorland5x@fotki.com,Human Resources,2023-09-04
09-994-4003,Rayna,Fettiplace,rfettiplace5y@flavors.me,Accounting,2022-07-19
03-661-0257,Celestia,Sewards,csewards5z@ucoz.com,Product Management,2022-10-29
48-269-5067,Allissa,Theyer,atheyer60@dell.com,Services,2024-03-04
60-435-1149,Farr,Sanger,fsanger61@mail.ru,Product Management,2022-06-23
80-668-1389,Roarke,Brodnecke,rbrodnecke62@taobao.com,Services,2022-05-20
05-057-0487,Leland,Glenn,lglenn63@ftc.gov,Business Development,2021-03-21
06-165-5805,Baryram,Sewall,bsewall64@ucoz.com,Human Resources,2024-07-16
87-160-1161,Theo,Clausen-Thue,tclausenthue65@mlb.com,Product Management,2022-10-04
98-386-8485,Cherlyn,Avramovitz,cavramovitz66@mlb.com,Engineering,2021-06-04
09-306-7384,Nikoletta,Gebhard,ngebhard67@hugedomains.com,Research and Development,2023-10-10
60-557-1208,Siobhan,Assad,sassad68@taobao.com,Training,2022-05-25
91-967-8416,Barnaby,Granleese,bgranleese69@fotki.com,Support,2024-09-07
68-089-8432,Alexandros,Skyner,askyner6a@seattletimes.com,Research and Development,2022-06-16
63-791-3281,Perren,Le Marchant,plemarchant6b@irs.gov,Accounting,2021-02-28
53-156-7902,Vaclav,Matiasek,vmatiasek6c@hp.com,Training,2023-09-02
06-451-4228,Mathew,Foard,mfoard6d@cisco.com,Sales,2023-11-06
85-047-6715,Emmery,Ewert,eewert6e@pagesperso-orange.fr,Business Development,2022-01-13
22-914-0737,Nathan,Zelley,nzelley6f@skype.com,Training,2021-11-21
59-882-1302,Jdavie,Orgill,jorgill6g@amazon.com,Support,2022-11-09
91-410-1941,Domenico,Baggarley,dbaggarley6h@bandcamp.com,Human Resources,2021-05-16
89-022-2544,Stephani,Rosenzwig,srosenzwig6i@nationalgeographic.com,Research and Development,2021-03-19
40-222-3152,Mahala,Hinder,mhinder6j@newyorker.com,Human Resources,2021-09-25
02-134-5162,Konstantine,Donoher,kdonoher6k@dyndns.org,Engineering,2023-01-24
33-155-4436,Scott,Blumire,sblumire6l@huffingtonpost.com,Product Management,2021-05-08
51-823-5053,Juliann,Brickner,jbrickner6m@reference.com,Human Resources,2021-07-07
25-057-7866,Rivi,Corris,rcorris6n@storify.com,Research and Development,2023-05-13
86-610-3523,Addia,Gipp,agipp6o@example.com,Support,2023-11-03
61-793-6656,Renaud,Nowell,rnowell6p@flickr.com,Legal,2024-05-13
14-798-0673,Jedediah,Lavarack,jlavarack6q@example.com,Research and Development,2021-11-29
57-589-8422,Stefa,Giamuzzo,sgiamuzzo6r@upenn.edu,Marketing,2022-04-26
66-050-0616,Heinrick,Fogden,hfogden6s@ustream.tv,Business Development,2022-04-21
18-131-9967,Tiebout,Lippo,tlippo6t@sciencedirect.com,Marketing,2022-01-22
48-380-7297,Amata,Kenlin,akenlin6u@go.com,Legal,2022-04-11
22-809-6946,Merrile,Badrock,mbadrock6v@cbsnews.com,Accounting,2021-07-13
38-538-9359,Teena,Earengey,tearengey6w@typepad.com,Product Management,2023-04-02
84-103-7040,Jaquelin,Grocock,jgrocock6x@marketwatch.com,Engineering,2024-02-23
56-092-0221,Griz,Mitchell,gmitchell6y@disqus.com,Support,2021-06-24
68-476-0219,Torey,Antoinet,tantoinet6z@ustream.tv,Legal,2020-12-10
12-563-7120,Fred,Josskowitz,fjosskowitz70@cnn.com,Human Resources,2024-01-29
39-494-6033,Sher,Seleway,sseleway71@boston.com,Product Management,2022-04-19
01-138-3850,Carie,Sneller,csneller72@hugedomains.com,Engineering,2024-07-05
90-403-2400,Humbert,Kernock,hkernock73@whitehouse.gov,Legal,2023-02-04
61-725-6393,Ignace,Cutteridge,icutteridge74@mapquest.com,Accounting,2021-01-31
07-987-9653,Mayor,Hellin,mhellin75@ask.com,Accounting,2024-03-17
41-072-5291,Chanda,Buttriss,cbuttriss76@dyndns.org,Engineering,2022-08-10
86-424-6148,Lamond,Blonden,lblonden77@sohu.com,Sales,2023-08-25
68-987-7101,Phyllis,Crichten,pcrichten78@guardian.co.uk,Research and Development,2022-01-30
39-097-3281,Kim,Molineaux,kmolineaux79@wp.com,Product Management,2021-01-01
33-169-9813,Faina,Tassel,ftassel7a@spiegel.de,Marketing,2020-12-15
15-156-0891,Salvatore,Dellenty,sdellenty7b@cnbc.com,Legal,2023-04-26
77-250-2723,Coleen,Deavall,cdeavall7c@yandex.ru,Accounting,2021-03-18
55-737-2323,Rose,Hirsthouse,rhirsthouse7d@theglobeandmail.com,Accounting,2021-10-18
73-920-1594,Kitti,Yelyashev,kyelyashev7e@spiegel.de,Engineering,2023-06-29
76-464-7051,Leoline,Poytheras,lpoytheras7f@princeton.edu,Research and Development,2022-10-13
57-000-2535,Emalee,Vlasyuk,evlasyuk7g@gnu.org,Engineering,2023-07-03
08-444-1609,Tierney,Chaloner,tchaloner7h@wp.com,Business Development,2024-03-08
87-717-6411,Poul,Elldred,pelldred7i@nbcnews.com,Services,2024-01-25
85-681-9176,Ashleigh,Cussen,acussen7j@mac.com,Legal,2024-09-09
08-027-5279,Wright,Roistone,wroistone7k@gravatar.com,Marketing,2021-10-31
54-597-8686,Les,Yurukhin,lyurukhin7l@hc360.com,Services,2022-07-26
70-597-9380,Janeen,Togwell,jtogwell7m@foxnews.com,Engineering,2021-08-09
84-854-2520,Shelden,Collocott,scollocott7n@qq.com,Product Management,2021-12-15
87-337-2665,Briny,Scard,bscard7o@mtv.com,Accounting,2020-11-20
10-419-4980,Cacilie,Bondy,cbondy7p@tamu.edu,Support,2023-12-01
69-034-9125,Antons,Rosie,arosie7q@blogs.com,Sales,2023-06-08
45-404-8100,Elsbeth,Warn,ewarn7r@creativecommons.org,Marketing,2020-10-21
00-036-0881,Kermy,Toffolini,ktoffolini7s@fema.gov,Support,2022-09-20
60-233-2456,Park,Wych,pwych7t@illinois.edu,Services,2024-03-13
39-206-4068,Andromache,Guillerman,aguillerman7u@unesco.org,Sales,2024-07-09
41-615-8503,Ilario,Barta,ibarta7v@constantcontact.com,Marketing,2022-12-08
42-201-8249,Edita,Hestrop,ehestrop7w@independent.co.uk,Support,2024-08-22
12-242-7956,Claudetta,Dissman,cdissman7x@constantcontact.com,Sales,2022-02-14
78-587-0265,Bobbye,Ashburne,bashburne7y@salon.com,Research and Development,2022-10-19
66-286-2002,Forest,Kohler,fkohler7z@addthis.com,Product Management,2022-09-24
03-074-7034,Becky,Josefsson,bjosefsson80@ca.gov,Training,2021-06-02
80-807-7995,Dal,Lownes,dlownes81@wufoo.com,Engineering,2021-08-23
41-332-4191,Pippo,Drei,pdrei82@bluehost.com,Marketing,2024-04-12
64-797-0422,Lyndsay,Hembrow,lhembrow83@tmall.com,Product Management,2021-09-04
49-642-9885,Alexia,Eldred,aeldred84@youtube.com,Training,2023-08-17
37-506-9025,Dario,Dickin,ddickin85@time.com,Human Resources,2022-08-23
25-017-6338,Lina,Lendrem,llendrem86@vkontakte.ru,Services,2020-09-14
20-439-6222,Yetty,Lancashire,ylancashire87@foxnews.com,Accounting,2022-03-27
08-162-8754,Gerrard,Tinkham,gtinkham88@geocities.com,Marketing,2020-10-14
05-254-7711,Donalt,Olliver,dolliver89@wunderground.com,Training,2022-11-21
62-432-3489,Ernestus,Igoe,eigoe8a@salon.com,Training,2022-12-27
35-794-8939,Dacia,Teffrey,dteffrey8b@wufoo.com,Training,2021-12-04
06-269-0009,Addy,Hovington,ahovington8c@xing.com,Engineering,2022-10-09
29-406-1284,Aretha,Costelloe,acostelloe8d@dedecms.com,Support,2021-05-01
28-506-0362,Rudolfo,Hearle,rhearle8e@fc2.com,Human Resources,2021-11-18
67-977-3841,Carmine,Dimitriades,cdimitriades8f@usnews.com,Support,2022-06-06
84-393-4017,David,Jamary,djamary8g@addthis.com,Services,2021-03-12
35-306-6293,Stillman,Mantrip,smantrip8h@nytimes.com,Business Development,2024-05-26
14-717-4202,Valentina,Matiasek,vmatiasek8i@weather.com,Business Development,2021-05-02
08-739-1590,Anastassia,De Ferrari,adeferrari8j@theatlantic.com,Product Management,2021-03-10
27-656-5065,Marley,Petrazzi,mpetrazzi8k@shareasale.com,Training,2023-07-07
09-032-2679,Peta,Fehely,pfehely8l@youtu.be,Product Management,2022-03-16
71-008-2583,Mitch,Pagitt,mpagitt8m@hubpages.com,Sales,2022-07-12
18-423-6477,Vikki,Cejka,vcejka8n@amazon.de,Marketing,2022-06-26
78-081-3127,Markus,Borthram,mborthram8o@lycos.com,Support,2024-07-11
95-144-4637,Peterus,Sawle,psawle8p@china.com.cn,Training,2023-02-13
61-076-8557,Lewie,Twitty,ltwitty8q@yelp.com,Business Development,2024-02-09
15-824-0463,Pip,Tellesson,ptellesson8r@addthis.com,Research and Development,2021-08-26
88-257-1336,Karel,Lowman,klowman8s@theatlantic.com,Engineering,2024-01-21
05-932-8053,Danika,Kitteringham,dkitteringham8t@cnet.com,Training,2023-04-23
81-419-8322,Ninnette,Seys,nseys8u@sourceforge.net,Business Development,2022-03-03
95-792-4336,Noble,Bust,nbust8v@meetup.com,Services,2022-08-01
50-386-0436,Bryan,Abdee,babdee8w@hugedomains.com,Training,2024-03-21
86-687-0188,Klemens,Cholomin,kcholomin8x@sourceforge.net,Sales,2022-10-03
44-121-2092,Humphrey,Meadmore,hmeadmore8y@google.co.jp,Services,2021-06-10
01-157-0979,Law,Manzell,lmanzell8z@bing.com,Product Management,2022-05-25
03-843-5860,Starla,O'Growgane,sogrowgane90@weibo.com,Human Resources,2021-07-10
45-172-8484,Ollie,Nellis,onellis91@yahoo.co.jp,Marketing,2022-12-21
63-312-7141,Dale,Enderson,denderson92@msu.edu,Human Resources,2023-10-29
02-739-2168,Lin,Colleton,lcolleton93@dyndns.org,Training,2021-05-28
15-309-6043,Viva,Keyes,vkeyes94@goo.ne.jp,Research and Development,2024-02-17
22-010-1418,Hulda,Salkild,hsalkild95@nyu.edu,Business Development,2023-10-06
58-095-5629,Tillie,Karppi,tkarppi96@salon.com,Product Management,2022-07-09
31-976-1202,Caressa,Ommanney,commanney97@shutterfly.com,Services,2023-08-02
91-597-7835,Manya,Balaison,mbalaison98@4shared.com,Marketing,2024-07-21
58-874-0921,Janie,Edmundson,jedmundson99@thetimes.co.uk,Services,2021-11-06
76-757-7009,Kayley,Lowthorpe,klowthorpe9a@feedburner.com,Research and Development,2022-04-02
13-822-7986,Sydney,Sine,ssine9b@cpanel.net,Marketing,2024-09-04
64-339-1976,Kora,Wawer,kwawer9c@amazon.co.jp,Legal,2022-09-08
01-630-7211,Nikaniki,Smithend,nsmithend9d@yandex.ru,Training,2023-10-19
82-774-7078,Leta,Garner,lgarner9e@goo.gl,Research and Development,2021-06-26
17-657-8535,Reece,Starrs,rstarrs9f@google.com.hk,Legal,2023-08-08
03-746-0190,Moselle,Chippindall,mchippindall9g@ucoz.com,Sales,2022-05-27
41-117-7924,Shina,Radbourne,sradbourne9h@gnu.org,Marketing,2022-05-09
30-668-6594,Annemarie,Skeldinge,askeldinge9i@amazon.de,Business Development,2021-08-07
82-842-5340,Kimberli,Woolcocks,kwoolcocks9j@paypal.com,Human Resources,2022-09-19
00-863-1365,Sonnnie,Brewster,sbrewster9k@mapy.cz,Product Management,2020-12-24
67-564-9761,Bernhard,Beyne,bbeyne9l@mit.edu,Engineering,2023-01-28
13-973-3230,Shea,Ribbens,sribbens9m@bloomberg.com,Accounting,2022-11-28
50-942-3968,Ebonee,Impleton,eimpleton9n@archive.org,Sales,2021-11-06
68-248-8505,Ethelind,Fessier,efessier9o@dailymotion.com,Training,2024-02-14
51-787-3120,Amerigo,Bauld,abauld9p@cbsnews.com,Marketing,2022-11-18
76-262-9015,Fee,Staite,fstaite9q@icq.com,Product Management,2023-02-27
01-909-3640,Orsola,Kiddye,okiddye9r@eepurl.com,Engineering,2022-02-06
33-941-1248,Juliann,Probyn,jprobyn9s@tinypic.com,Human Resources,2022-07-31
62-578-0766,Zabrina,Beauchop,zbeauchop9t@theglobeandmail.com,Sales,2020-09-16
87-279-2353,Tore,Ethelstone,tethelstone9u@blogs.com,Sales,2023-01-01
03-695-2220,Frans,Idel,fidel9v@irs.gov,Accounting,2023-08-16
68-590-9109,Wilmar,Baudoux,wbaudoux9w@paginegialle.it,Research and Development,2021-04-12
99-883-1747,Adriane,Bollon,abollon9x@newsvine.com,Support,2023-12-24
40-530-0520,Iris,Caldeiro,icaldeiro9y@loc.gov,Legal,2024-09-13
40-664-8726,Dianemarie,Perse,dperse9z@photobucket.com,Legal,2022-09-13
57-749-1608,Carl,Alexsandrovich,calexsandrovicha0@icq.com,Training,2024-07-09
41-064-2941,Julia,Muzzall,jmuzzalla1@uiuc.edu,Support,2022-10-20
94-638-9890,Buddy,Steinhammer,bsteinhammera2@cbc.ca,Marketing,2022-10-06
70-087-8586,Travus,Butlin,tbutlina3@google.cn,Human Resources,2021-08-26
63-092-4447,Aksel,Casaro,acasaroa4@amazon.co.jp,Services,2021-09-19
49-422-2298,Hyacinthie,Goring,hgoringa5@yellowbook.com,Support,2023-07-16
56-518-6183,Margret,Airs,mairsa6@facebook.com,Accounting,2022-03-12
85-491-0590,Kylie,Rosenzveig,krosenzveiga7@europa.eu,Human Resources,2022-12-04
07-353-3215,Aluin,Meakes,ameakesa8@japanpost.jp,Sales,2021-10-13
97-006-4652,Boniface,Sinncock,bsinncocka9@dell.com,Engineering,2024-06-03
90-656-0655,Deina,McIlvoray,dmcilvorayaa@creativecommons.org,Marketing,2024-05-24
10-510-9134,Pembroke,Dollar,pdollarab@woothemes.com,Engineering,2024-09-10
17-455-5720,Marlena,Gantley,mgantleyac@tamu.edu,Accounting,2022-12-27
18-800-7458,Tome,Christley,tchristleyad@twitter.com,Support,2022-03-26
05-596-6080,Lauren,Riden,lridenae@nba.com,Legal,2024-08-18
52-143-6210,Wilma,Advani,wadvaniaf@sourceforge.net,Services,2021-12-11
72-347-0279,Solly,Doerrling,sdoerrlingag@bluehost.com,Marketing,2024-04-22
74-022-0685,Mei,Spiteri,mspiteriah@engadget.com,Product Management,2022-12-23
13-740-9118,Corbet,Magrane,cmagraneai@utexas.edu,Training,2024-07-27
41-459-9967,Chevalier,Siege,csiegeaj@deviantart.com,Training,2024-06-22
33-306-5412,Lora,Bickerdike,lbickerdikeak@parallels.com,Business Development,2024-07-27
28-871-1498,Lara,O'Fearguise,lofearguiseal@webs.com,Marketing,2022-04-07
35-973-0673,Berry,Forestall,bforestallam@rakuten.co.jp,Engineering,2021-11-15
83-459-1453,Janina,Fooks,jfooksan@chron.com,Business Development,2022-05-31
62-239-9428,Mari,Frudd,mfruddao@vimeo.com,Business Development,2021-12-27
81-496-9572,Zita,Casin,zcasinap@meetup.com,Support,2024-03-28
14-734-2787,Modestine,Mabon,mmabonaq@ning.com,Product Management,2023-03-31
30-973-5079,Amargo,Jaggar,ajaggarar@msu.edu,Sales,2024-08-13
12-551-9893,Flinn,Presman,fpresmanas@wufoo.com,Marketing,2021-10-31
17-347-5006,Gena,Jeskin,gjeskinat@a8.net,Business Development,2022-04-11
54-532-8426,Ruthie,McNickle,rmcnickleau@moonfruit.com,Services,2021-03-07
70-940-4775,Nicki,Yandell,nyandellav@taobao.com,Human Resources,2021-11-28
15-512-3735,Margarita,Dumphy,mdumphyaw@deliciousdays.com,Research and Development,2022-10-24
55-169-3579,Margi,Carpe,mcarpeax@icio.us,Business Development,2021-03-26
81-749-9936,Bartholomeo,Grigs,bgrigsay@npr.org,Engineering,2023-02-06
49-004-2692,Stacie,McGerraghty,smcgerraghtyaz@nba.com,Business Development,2022-10-23
82-707-3080,Ross,Parysiak,rparysiakb0@cmu.edu,Human Resources,2021-12-21
24-100-7520,Galen,Loram,gloramb1@marriott.com,Marketing,2021-04-23
48-301-4614,Lonnie,McMakin,lmcmakinb2@digg.com,Marketing,2021-02-10
82-109-2326,Ronica,Chene,rcheneb3@comsenz.com,Sales,2020-10-22
78-541-3921,Alain,Crepel,acrepelb4@forbes.com,Research and Development,2023-09-15
52-340-2397,Butch,Padginton,bpadgintonb5@dion.ne.jp,Legal,2020-12-25
31-490-7504,Evin,Treppas,etreppasb6@deviantart.com,Business Development,2021-08-02
69-086-3072,Abbye,Hamprecht,ahamprechtb7@usnews.com,Human Resources,2022-05-14
51-675-4512,Jennifer,Thornthwaite,jthornthwaiteb8@ycombinator.com,Training,2021-01-02
43-587-7202,Linn,Stidston,lstidstonb9@1und1.de,Marketing,2023-01-14
79-399-9209,Leeanne,Joney,ljoneyba@blinklist.com,Product Management,2022-09-20
71-731-2769,Cinda,Dener,cdenerbb@globo.com,Accounting,2024-01-13
06-968-2084,Matty,Hawker,mhawkerbc@nature.com,Human Resources,2024-06-18
12-877-5264,Cass,Esh,ceshbd@cloudflare.com,Product Management,2021-12-07
42-106-4640,Kai,McMaster,kmcmasterbe@slate.com,Services,2024-02-10
13-379-9707,Nannette,Kernaghan,nkernaghanbf@friendfeed.com,Engineering,2024-01-30
08-903-0403,Isaac,Rahl,irahlbg@facebook.com,Support,2022-12-24
25-571-3214,Paola,Hellwing,phellwingbh@mashable.com,Support,2020-09-29
43-502-2004,Aubrette,Macci,amaccibi@umn.edu,Training,2024-01-05
16-248-8288,Bruce,Late,blatebj@columbia.edu,Services,2023-06-22
27-240-5966,Bibi,Lightbourne,blightbournebk@xinhuanet.com,Legal,2024-01-25
04-995-8152,Denni,Waeland,dwaelandbl@mtv.com,Legal,2023-12-24
81-079-9457,Austin,Harries,aharriesbm@spotify.com,Legal,2022-10-03
22-812-2201,Philly,Bowle,pbowlebn@usa.gov,Human Resources,2022-03-16
33-759-5936,Ive,Postle,ipostlebo@bravesites.com,Support,2020-10-09
94-950-3048,Sim,Shemilt,sshemiltbp@alexa.com,Training,2023-04-16
47-738-0205,Valery,Saffe,vsaffebq@4shared.com,Services,2022-04-03
11-306-1778,Jacquie,Beere,jbeerebr@hatena.ne.jp,Legal,2023-07-07
36-746-7117,Jammal,Clerc,jclercbs@acquirethisname.com,Business Development,2023-12-15
12-426-9209,Leela,Andrassy,landrassybt@jigsy.com,Marketing,2022-10-04
02-591-9120,Konstantin,Atwell,katwellbu@paypal.com,Engineering,2023-01-12
21-350-6460,Cherilyn,McGuane,cmcguanebv@ning.com,Marketing,2023-12-20
51-002-9465,Kareem,Havenhand,khavenhandbw@ihg.com,Sales,2022-12-02
32-027-1749,Franzen,Woller,fwollerbx@fc2.com,Services,2021-10-23
78-695-6457,Ryley,Lindenboim,rlindenboimby@domainmarket.com,Support,2024-01-13
13-013-5538,Bernie,Rings,bringsbz@google.nl,Engineering,2021-10-25
77-918-7459,Jarrod,Curson,jcursonc0@weebly.com,Accounting,2024-04-04
62-648-2036,Yankee,Aikman,yaikmanc1@homestead.com,Product Management,2022-05-30
19-719-2359,Fredi,Labuschagne,flabuschagnec2@sohu.com,Training,2022-12-27
72-823-6346,Korey,Gaitone,kgaitonec3@toplist.cz,Accounting,2024-03-26
17-376-9571,Zena,Johananoff,zjohananoffc4@berkeley.edu,Sales,2023-08-25
63-539-0772,Koren,Burgyn,kburgync5@uol.com.br,Research and Development,2022-08-27
33-217-9344,Celene,Maydwell,cmaydwellc6@weibo.com,Human Resources,2021-03-12
03-239-5314,Bethanne,Gillingham,bgillinghamc7@artisteer.com,Product Management,2024-05-17
58-118-6712,Felicia,Romayne,fromaynec8@jugem.jp,Marketing,2024-05-10
92-219-5762,Leonid,O'Scollee,loscolleec9@comcast.net,Legal,2021-01-21
39-271-0584,Celestine,Howlings,chowlingsca@github.com,Accounting,2021-03-09
56-280-7007,Marcello,Sutheran,msutherancb@omniture.com,Legal,2024-05-26
16-560-8042,Denni,Wittman,dwittmancc@tmall.com,Engineering,2021-12-06
31-598-9269,Victor,Adam,vadamcd@unc.edu,Sales,2022-06-28
43-480-3759,Halette,Grishin,hgrishince@jugem.jp,Legal,2021-12-03
01-995-1931,Jacques,Friatt,jfriattcf@g.co,Legal,2023-10-06
48-490-7746,Susie,Trimnell,strimnellcg@aol.com,Services,2021-09-14
49-539-2922,Desdemona,Hudd,dhuddch@printfriendly.com,Marketing,2021-07-10
98-299-3286,Ruy,Maudling,rmaudlingci@mapy.cz,Engineering,2024-04-10
99-205-7935,Marcille,Tift,mtiftcj@jalbum.net,Human Resources,2023-11-28
97-790-2979,Guido,Aistrop,gaistropck@blog.com,Accounting,2020-11-29
35-991-7839,Katerina,Bernardoux,kbernardouxcl@icq.com,Engineering,2023-11-04
96-687-6364,Leonhard,Skeggs,lskeggscm@marketwatch.com,Sales,2023-04-03
41-511-8322,Jimmy,Levi,jlevicn@seattletimes.com,Training,2023-02-18
06-718-1032,Rori,Dougan,rdouganco@auda.org.au,Services,2022-01-03
60-976-8264,Joanie,Kingswood,jkingswoodcp@shutterfly.com,Research and Development,2023-06-04
55-741-3497,Jaquenette,Westman,jwestmancq@nyu.edu,Marketing,2023-12-10
28-462-6017,Nil,Monroe,nmonroecr@slashdot.org,Support,2023-05-14
34-990-5706,Doti,Huguet,dhuguetcs@bbb.org,Legal,2023-05-18
00-345-5309,Hubert,Langdale,hlangdalect@etsy.com,Support,2021-07-01
18-392-3433,Hallie,Kearney,hkearneycu@apple.com,Business Development,2024-08-02
16-757-1454,Bobby,Giottini,bgiottinicv@sina.com.cn,Engineering,2024-07-05
10-112-0655,Sophie,Coronado,scoronadocw@tinyurl.com,Support,2021-05-26
89-353-3624,Friederike,O'Caine,focainecx@webnode.com,Business Development,2023-10-21
98-864-1329,Vite,Henzer,vhenzercy@cpanel.net,Engineering,2020-12-13
47-535-3200,Robb,O'Hagan,rohagancz@123-reg.co.uk,Legal,2023-10-13
40-872-8174,Elke,Skippen,eskippend0@imgur.com,Marketing,2021-11-29
99-764-2171,Flynn,Balke,fbalked1@wikispaces.com,Services,2024-04-08
16-928-5076,Fanchon,Sach,fsachd2@histats.com,Support,2023-09-09
96-200-9732,Belva,Pellitt,bpellittd3@si.edu,Accounting,2023-07-24
52-450-6613,Donovan,Fatharly,dfatharlyd4@usgs.gov,Support,2022-01-17
02-662-6336,Esme,Tatlock,etatlockd5@virginia.edu,Legal,2020-12-13
16-282-2545,Ulick,Gerrietz,ugerrietzd6@slate.com,Training,2022-12-16
74-379-6952,Jory,Lankford,jlankfordd7@princeton.edu,Training,2022-11-10
62-709-4377,Odetta,Cleeves,ocleevesd8@twitpic.com,Business Development,2023-03-16
73-092-0791,Ronica,Cranny,rcrannyd9@cloudflare.com,Services,2023-10-30
53-837-4187,Tobin,Zannutti,tzannuttida@telegraph.co.uk,Product Management,2023-08-31
97-697-4135,Betta,Gritskov,bgritskovdb@skyrock.com,Sales,2021-04-12
79-991-8732,Allistir,Sentance,asentancedc@bravesites.com,Product Management,2021-07-08
78-504-7843,Jimmy,Moynham,jmoynhamdd@springer.com,Engineering,2024-02-10
27-836-7575,Ninnette,Standon,nstandonde@spiegel.de,Support,2023-04-26
93-004-8585,Gracie,Camble,gcambledf@yale.edu,Legal,2023-08-31
18-841-5653,Jacobo,Maxweell,jmaxweelldg@mit.edu,Product Management,2023-08-19
72-620-4193,Sande,Ibberson,sibbersondh@ed.gov,Accounting,2022-06-25
09-325-0325,Marcel,D'Elia,mdeliadi@freewebs.com,Product Management,2021-02-25
10-868-4116,Randal,McKinlay,rmckinlaydj@netvibes.com,Product Management,2020-09-30
51-998-1026,Randolph,Gueste,rguestedk@house.gov,Research and Development,2024-06-23
20-301-1019,Minta,McCanny,mmccannydl@goo.ne.jp,Business Development,2024-07-10
46-477-6242,Kerwinn,Anten,kantendm@digg.com,Product Management,2021-12-30
99-555-7608,Helyn,Botright,hbotrightdn@stumbleupon.com,Support,2021-10-21
08-024-0571,Shellysheldon,Conner,sconnerdo@salon.com,Research and Development,2022-09-01
74-320-9560,Eldridge,Falck,efalckdp@altervista.org,Business Development,2024-04-22
88-953-8184,Seka,Swainson,sswainsondq@gravatar.com,Product Management,2023-10-05
05-220-7288,Papagena,McDill,pmcdilldr@cdc.gov,Engineering,2020-10-29
03-708-0695,Ardine,Chasmar,achasmards@wired.com,Support,2023-03-13
70-788-2046,Cyril,Caccavari,ccaccavaridt@vk.com,Legal,2021-02-08
28-920-6961,Annecorinne,Clancey,aclanceydu@ucoz.ru,Legal,2023-01-01
46-020-7163,Vanya,Middler,vmiddlerdv@freewebs.com,Training,2024-01-31
01-969-4766,Thornton,Dani,tdanidw@phoca.cz,Engineering,2022-02-28
13-869-0035,Joscelin,Whatson,jwhatsondx@businesswire.com,Business Development,2022-01-05
26-104-0615,Constantine,Otley,cotleydy@engadget.com,Accounting,2022-07-22
74-509-6630,Hedi,MacGillavery,hmacgillaverydz@cnet.com,Engineering,2021-12-09
09-068-8816,Sukey,Cosker,scoskere0@taobao.com,Services,2022-12-14
67-466-1068,Gay,Larrosa,glarrosae1@cdbaby.com,Sales,2022-04-20
21-040-8355,Kinny,Peirson,kpeirsone2@about.me,Services,2022-12-18
89-267-2838,Cathrine,Rousel,crousele3@blogs.com,Accounting,2020-12-24
46-140-6170,Willem,Bicknell,wbicknelle4@springer.com,Research and Development,2022-02-25
04-727-6457,Bert,Wiggins,bwigginse5@gravatar.com,Accounting,2024-02-04
55-394-1788,Brunhilde,Bartusek,bbartuseke6@boston.com,Training,2020-12-21
55-840-3525,Godwin,Eagers,geagerse7@feedburner.com,Support,2022-10-18
57-552-5159,Dacy,Kollach,dkollache8@twitpic.com,Product Management,2021-06-01
19-615-2968,Sim,Scattergood,sscattergoode9@bbb.org,Sales,2023-06-02
72-026-5204,Cristine,Novakovic,cnovakovicea@bing.com,Research and Development,2020-11-25
40-291-3552,Cherey,Bosden,cbosdeneb@samsung.com,Accounting,2024-04-06
30-645-0534,Ophelia,Curtois,ocurtoisec@miitbeian.gov.cn,Services,2021-03-15
08-726-3211,Niki,Crimp,ncrimped@merriam-webster.com,Services,2022-11-13
99-474-9204,Lacie,Weblin,lweblinee@npr.org,Legal,2023-05-16
06-907-9988,Robinetta,Mogey,rmogeyef@abc.net.au,Business Development,2022-10-30
02-233-0077,Doug,Duval,dduvaleg@phpbb.com,Research and Development,2022-01-02
20-229-2046,Carlye,Vinton,cvintoneh@hud.gov,Business Development,2021-06-10
97-229-6015,Garrard,Dewfall,gdewfallei@apache.org,Sales,2023-12-25
32-823-8764,Rori,Shefton,rsheftonej@aol.com,Business Development,2023-05-24
29-434-6730,Leonerd,Andrewartha,landrewarthaek@xinhuanet.com,Services,2024-07-22
16-624-1447,Sheba,Golightly,sgolightlyel@unicef.org,Business Development,2023-07-24
57-430-3333,Gennie,Francombe,gfrancombeem@google.cn,Accounting,2022-10-05
42-837-3778,Peggy,Corrin,pcorrinen@wsj.com,Sales,2020-11-17
70-316-7118,Gilberto,Craddock,gcraddockeo@youtu.be,Training,2021-12-19
78-046-2701,Tarra,Benjamin,tbenjaminep@go.com,Legal,2024-04-20
86-512-8558,Hewe,Bricket,hbricketeq@cbsnews.com,Research and Development,2022-12-31
28-593-3405,Oralla,Brown,obrowner@livejournal.com,Services,2023-03-06
42-853-4041,Andriette,Dansey,adanseyes@indiatimes.com,Engineering,2023-05-27
27-591-0018,Brant,Bilston,bbilstonet@acquirethisname.com,Engineering,2024-08-12
50-594-9008,Rich,Print,rprinteu@alexa.com,Support,2022-09-24
34-875-7856,Reina,Broschek,rbroschekev@newsvine.com,Services,2020-11-08
12-277-1529,Sarina,Ciccone,scicconeew@amazon.de,Research and Development,2021-05-20
87-668-9339,Tye,Woolland,twoollandex@archive.org,Engineering,2021-03-15
48-534-2843,Lyndell,Massenhove,lmassenhoveey@issuu.com,Product Management,2024-05-08
72-482-1952,Madalena,Huffy,mhuffyez@mediafire.com,Services,2023-04-11
33-758-9948,Lamont,Commuzzo,lcommuzzof0@chron.com,Business Development,2024-06-14
51-881-8615,Jarad,Snufflebottom,jsnufflebottomf1@miibeian.gov.cn,Product Management,2022-11-13
16-686-6817,Louie,Tokley,ltokleyf2@forbes.com,Services,2021-01-03
95-024-3222,Kendre,Robotham,krobothamf3@illinois.edu,Legal,2021-06-05
25-206-5530,Ginnifer,Kersey,gkerseyf4@kickstarter.com,Training,2022-01-30
01-351-4678,Ingrid,Goodday,igooddayf5@vistaprint.com,Support,2023-03-30
38-332-7139,Lark,Biford,lbifordf6@si.edu,Services,2022-09-03
38-618-8049,Cindra,Hollington,chollingtonf7@slideshare.net,Training,2021-12-18
02-284-0917,Lisa,Giorgielli,lgiorgiellif8@soundcloud.com,Business Development,2021-05-23
30-971-7026,Tillie,Pelerin,tpelerinf9@soundcloud.com,Legal,2022-08-22
88-054-0662,Ferdinande,Farrans,ffarransfa@cbsnews.com,Marketing,2021-03-31
23-922-2195,Britta,Laurand,blaurandfb@ning.com,Business Development,2023-05-17
86-485-2675,Elnar,Aitchinson,eaitchinsonfc@scientificamerican.com,Legal,2024-06-14
80-825-7662,Becca,Rhydderch,brhydderchfd@twitter.com,Sales,2022-03-08
57-630-1431,Marillin,Leicester,mleicesterfe@paginegialle.it,Product Management,2023-08-30
15-692-6573,Ashia,Patterfield,apatterfieldff@weather.com,Human Resources,2022-04-09
21-841-4337,Sibyl,Drinkale,sdrinkalefg@wikimedia.org,Sales,2023-02-01
34-536-9031,Rolfe,Piggens,rpiggensfh@seesaa.net,Sales,2022-07-24
92-974-4263,Isabeau,Tullett,itullettfi@npr.org,Accounting,2022-06-06
07-979-8024,Fields,Perrington,fperringtonfj@loc.gov,Legal,2022-08-13
20-759-9369,Vivianna,LLelweln,vllelwelnfk@auda.org.au,Engineering,2024-02-12
94-282-2107,Ardisj,Mathe,amathefl@de.vu,Accounting,2024-03-02
94-717-2102,Esra,Stickins,estickinsfm@webs.com,Training,2020-10-12
67-302-1472,Flint,Corish,fcorishfn@ebay.com,Marketing,2022-12-01
03-390-3838,Hill,Ubank,hubankfo@latimes.com,Research and Development,2023-06-25
23-315-7599,Jecho,Capes,jcapesfp@fastcompany.com,Sales,2021-05-03
59-878-4880,Martainn,Garment,mgarmentfq@wikispaces.com,Legal,2023-08-13
16-661-4242,Kerianne,Key,kkeyfr@wikimedia.org,Marketing,2022-11-25
35-078-0881,Worthington,Surplice,wsurplicefs@edublogs.org,Business Development,2024-03-23
35-274-4779,Frankie,Charlin,fcharlinft@usda.gov,Product Management,2022-10-06
18-245-8028,Jeramie,Mifflin,jmifflinfu@hostgator.com,Marketing,2024-01-30
89-105-4509,Mignonne,Selland,msellandfv@wired.com,Human Resources,2020-12-27
64-702-4420,Bernadene,Mallabone,bmallabonefw@home.pl,Training,2021-09-07
65-462-6688,Cassie,Thing,cthingfx@cyberchimps.com,Legal,2021-01-04
86-207-5667,Lynsey,Drinnan,ldrinnanfy@businesswire.com,Marketing,2022-11-12
99-201-7409,Myrah,Doore,mdoorefz@storify.com,Support,2020-12-21
26-059-9878,Lind,Cruces,lcrucesg0@163.com,Research and Development,2022-03-06
31-020-7886,Veronika,Eustace,veustaceg1@exblog.jp,Business Development,2021-09-21
45-451-9363,Lesya,Buffham,lbuffhamg2@gnu.org,Product Management,2023-04-17
75-519-3353,Justinn,Timoney,jtimoneyg3@washingtonpost.com,Services,2021-05-17
24-751-8583,Tony,Northgraves,tnorthgravesg4@walmart.com,Human Resources,2023-02-08
69-120-4714,Elie,Sadry,esadryg5@issuu.com,Business Development,2024-02-22
76-013-8028,Shayla,Huxstep,shuxstepg6@miibeian.gov.cn,Human Resources,2021-02-28
98-149-2722,Marysa,O'Fergus,mofergusg7@dion.ne.jp,Services,2024-08-15
25-482-5533,Jenny,Doog,jdoogg8@si.edu,Research and Development,2021-06-28
65-474-1333,Lory,Blade,lbladeg9@hugedomains.com,Human Resources,2024-03-11
24-709-0407,Del,Werndley,dwerndleyga@shop-pro.jp,Legal,2020-11-04
50-421-2445,Otes,England,oenglandgb@jugem.jp,Engineering,2023-02-26
72-010-5002,Georgiana,Adair,gadairgc@nifty.com,Services,2024-08-17
58-834-2964,Teddie,Hooban,thoobangd@reference.com,Training,2020-09-15
90-485-2987,Bronnie,Hollow,bhollowge@sakura.ne.jp,Marketing,2020-12-24
14-631-0660,Carmelita,Ernke,cernkegf@jiathis.com,Support,2020-11-24
78-232-1620,Pam,Dei,pdeigg@desdev.cn,Product Management,2022-05-26
92-703-2363,Lisbeth,Kembry,lkembrygh@yolasite.com,Marketing,2023-12-04
64-233-6395,Lucia,Drewett,ldrewettgi@cyberchimps.com,Engineering,2022-01-24
77-010-8032,Yvonne,Brownill,ybrownillgj@deviantart.com,Research and Development,2023-05-28
69-004-0824,Walker,Stabbins,wstabbinsgk@clickbank.net,Engineering,2024-04-01
52-630-3309,Kelsey,Pendell,kpendellgl@xrea.com,Product Management,2021-01-08
18-033-6517,Ninnetta,Huxham,nhuxhamgm@mlb.com,Research and Development,2021-09-26
79-939-5431,Cy,Goodfield,cgoodfieldgn@adobe.com,Sales,2022-09-27
02-909-7221,Cherin,Casetta,ccasettago@flavors.me,Product Management,2021-10-30
64-593-9982,Mallory,Grinsdale,mgrinsdalegp@wordpress.com,Marketing,2022-08-07
93-727-1919,Dian,Streater,dstreatergq@go.com,Training,2020-10-27
42-452-0519,Madalyn,Eat,meatgr@comcast.net,Research and Development,2021-12-09
04-543-8140,Prudi,Fright,pfrightgs@icio.us,Product Management,2024-02-29
31-138-5616,Chiarra,Dunwoody,cdunwoodygt@g.co,Engineering,2021-05-10
08-534-1170,Colette,Redan,credangu@facebook.com,Marketing,2023-06-20
82-000-2865,Karina,Cottrill,kcottrillgv@hibu.com,Services,2022-03-26
70-469-8145,Linzy,Muschette,lmuschettegw@go.com,Human Resources,2022-10-23
26-395-8466,Dorena,Issit,dissitgx@so-net.ne.jp,Legal,2022-02-20
82-264-5505,Randee,Hance,rhancegy@census.gov,Research and Development,2023-09-22
59-572-6969,Maisie,Mila,mmilagz@lycos.com,Support,2021-04-24
95-551-5936,Terrill,Aspey,taspeyh0@nifty.com,Legal,2024-09-03
34-587-2634,Linus,Govenlock,lgovenlockh1@geocities.jp,Sales,2022-05-21
95-621-0046,Salomone,Blaycock,sblaycockh2@cisco.com,Services,2024-03-10
81-936-0281,Milicent,Ellwand,mellwandh3@mlb.com,Research and Development,2022-02-09
57-997-4814,Adelind,Kehri,akehrih4@tinypic.com,Research and Development,2024-04-10
09-740-7227,Geoff,Hauxley,ghauxleyh5@europa.eu,Marketing,2022-11-23
14-971-1057,Bink,Clingan,bclinganh6@free.fr,Business Development,2023-04-14
69-055-0522,Consuelo,Dunseath,cdunseathh7@google.ca,Marketing,2022-12-26
36-909-6311,Malachi,Kielt,mkielth8@washington.edu,Product Management,2024-08-14
24-489-1993,Hanni,Wickstead,hwicksteadh9@people.com.cn,Sales,2021-05-10
57-553-0425,Nicol,Crebbin,ncrebbinha@mashable.com,Support,2021-10-20
54-398-8591,Anya,Kyle,akylehb@mac.com,Business Development,2023-11-10
11-299-1992,Devinne,Nund,dnundhc@hugedomains.com,Research and Development,2020-09-25
15-601-0146,Cordi,Louth,clouthhd@nsw.gov.au,Sales,2023-09-07
79-535-4310,Yovonnda,Abbitt,yabbitthe@sun.com,Product Management,2022-07-23
91-004-5379,Stanwood,Jeens,sjeenshf@bing.com,Business Development,2021-08-01
68-720-2019,Tomkin,Tommis,ttommishg@zdnet.com,Business Development,2024-03-23
37-502-4017,Mikey,Sandy,msandyhh@sbwire.com,Services,2024-08-14
08-798-3159,Tibold,Lacroux,tlacrouxhi@sciencedaily.com,Support,2021-03-29
12-395-2415,Dario,Moseby,dmosebyhj@t-online.de,Product Management,2020-12-15
92-252-1117,Loralie,Ninnoli,lninnolihk@ucla.edu,Accounting,2020-11-05
11-480-7343,Alecia,Stobbe,astobbehl@ning.com,Engineering,2023-10-29
48-069-9191,Konstantin,Smallbone,ksmallbonehm@icq.com,Sales,2021-05-31
68-011-7866,Chlo,Oldis,coldishn@ebay.co.uk,Marketing,2023-08-02
68-590-7033,Skipp,Rettie,srettieho@economist.com,Engineering,2023-12-13
57-688-8273,Averil,Ca,acahp@cam.ac.uk,Legal,2023-08-18
23-792-5685,Betteanne,Norree,bnorreehq@clickbank.net,Engineering,2021-07-15
04-161-3438,Jonas,Hugonneau,jhugonneauhr@economist.com,Research and Development,2021-10-28
30-232-0435,Minni,Cudd,mcuddhs@weibo.com,Product Management,2021-06-07
20-813-1020,Lion,Carleton,lcarletonht@umn.edu,Business Development,2020-10-12
01-324-6102,Sheelah,Strognell,sstrognellhu@cbc.ca,Engineering,2023-09-12
76-825-7094,Angelina,Longland,alonglandhv@tumblr.com,Sales,2022-09-03
96-920-0704,Lavinie,Glassford,lglassfordhw@tiny.cc,Engineering,2023-09-23
65-104-6200,Halsey,Skarman,hskarmanhx@imageshack.us,Support,2020-10-13
82-129-2210,Blake,Kleeborn,bkleebornhy@weebly.com,Legal,2023-06-30
08-820-8844,Francyne,Bernini,fberninihz@mysql.com,Engineering,2024-03-21
35-770-4592,Flory,Gillham,fgillhami0@cam.ac.uk,Business Development,2022-11-13
13-980-8009,Germana,Gogan,ggogani1@hao123.com,Business Development,2022-01-09
79-592-0220,Lorenzo,Heckney,lheckneyi2@sakura.ne.jp,Business Development,2021-04-25
35-822-8615,Rudiger,Bolstridge,rbolstridgei3@posterous.com,Accounting,2022-09-07
47-195-7309,Reider,Dufore,rduforei4@ca.gov,Research and Development,2021-12-16
66-582-5791,Padriac,Sirmond,psirmondi5@salon.com,Marketing,2023-12-17
20-454-2336,Muffin,Cayley,mcayleyi6@kickstarter.com,Services,2021-04-28
11-138-8204,Tricia,Bolland,tbollandi7@nyu.edu,Legal,2022-07-05
42-708-3407,Winny,Poluzzi,wpoluzzii8@forbes.com,Marketing,2020-11-16
00-371-9299,Tedda,Penddreth,tpenddrethi9@google.es,Accounting,2023-01-03
46-098-0279,Allegra,Heinonen,aheinonenia@msn.com,Engineering,2023-07-14
53-994-8016,Germana,Bartelli,gbartelliib@shinystat.com,Sales,2022-06-06
40-228-7724,Pall,Robb,probbic@uiuc.edu,Services,2021-08-30
66-992-6855,Theodora,Mottershead,tmottersheadid@washington.edu,Accounting,2023-06-09
57-299-1685,Cinderella,Yglesias,cyglesiasie@ox.ac.uk,Marketing,2022-02-11
92-342-1033,Gaston,Suffe,gsuffeif@icio.us,Human Resources,2021-04-16
19-070-9003,Garrott,Tugman,gtugmanig@aboutads.info,Legal,2022-01-25
84-287-7080,Tammy,Kynvin,tkynvinih@booking.com,Engineering,2022-09-08
52-842-3459,Clim,Labrone,clabroneii@constantcontact.com,Legal,2021-06-18
61-703-0715,Sonja,Kringe,skringeij@wikispaces.com,Sales,2023-08-04
36-549-3849,Shoshana,Parfitt,sparfittik@slate.com,Legal,2023-07-03
31-853-8904,Leese,Bartens,lbartensil@i2i.jp,Marketing,2022-06-10
77-217-1358,Amanda,Brammall,abrammallim@nasa.gov,Accounting,2021-03-01
65-856-8913,Elfie,Rigardeau,erigardeauin@fc2.com,Services,2022-06-29
95-982-0909,Janenna,Barracks,jbarracksio@usa.gov,Support,2023-09-27
05-925-8900,Darcie,Adiscot,dadiscotip@tumblr.com,Legal,2021-02-10
82-391-7288,Hilario,Antonin,hantoniniq@1688.com,Support,2024-05-04
41-870-0242,Theodor,Capp,tcappir@51.la,Accounting,2022-07-23
35-373-5074,Veda,Jankovsky,vjankovskyis@wiley.com,Human Resources,2023-05-30
25-982-3714,Sharla,Bunney,sbunneyit@google.pl,Human Resources,2023-05-21
45-806-7805,Clotilda,Myrkus,cmyrkusiu@smugmug.com,Engineering,2020-12-11
48-976-5196,Caitlin,Gripton,cgriptoniv@uiuc.edu,Sales,2020-10-04
25-561-0503,Etty,Riepel,eriepeliw@shop-pro.jp,Training,2022-10-31
60-681-5261,Felicio,Shoppee,fshoppeeix@smugmug.com,Accounting,2023-05-30
22-972-5259,Saunderson,Synke,ssynkeiy@economist.com,Services,2020-11-02
87-977-0924,Bradan,Botwright,bbotwrightiz@marketwatch.com,Accounting,2023-04-03
15-130-2065,Melesa,Fould,mfouldj0@scientificamerican.com,Accounting,2021-11-03
99-571-3922,Alecia,Hallan,ahallanj1@usnews.com,Business Development,2024-05-14
54-022-9308,Violante,Vowells,vvowellsj2@constantcontact.com,Sales,2023-11-19
95-071-2109,Tod,Hamblington,thamblingtonj3@gizmodo.com,Marketing,2020-12-14
18-727-5848,Peg,Luscombe,pluscombej4@skyrock.com,Accounting,2024-07-27
20-017-5845,Randell,Sowter,rsowterj5@webs.com,Engineering,2021-09-27
39-885-6162,Aggie,Maruska,amaruskaj6@cisco.com,Support,2022-11-28
57-505-6763,Bryon,Mannock,bmannockj7@360.cn,Services,2021-06-05
32-608-2469,Meara,Sydenham,msydenhamj8@umich.edu,Services,2022-12-27
22-180-4317,Corbet,Jefferies,cjefferiesj9@nbcnews.com,Support,2021-10-24
75-088-7343,Cele,Lampens,clampensja@creativecommons.org,Marketing,2020-11-21
56-348-2115,Waylan,Pregel,wpregeljb@amazon.co.uk,Sales,2023-02-13
90-423-6348,Filmer,Caldecot,fcaldecotjc@samsung.com,Services,2023-03-22
95-537-5986,Huntington,Ventham,hventhamjd@ucoz.ru,Support,2023-12-21
63-399-1318,Byrann,Avey,baveyje@fda.gov,Product Management,2021-12-03
52-330-3349,Durant,Dwelley,ddwelleyjf@tiny.cc,Engineering,2023-08-12
39-859-8657,Westbrooke,Mulmuray,wmulmurayjg@opensource.org,Legal,2021-08-28
92-269-7124,Mervin,Crusham,mcrushamjh@tiny.cc,Engineering,2023-07-31
15-134-3692,Carolus,Warcop,cwarcopji@newyorker.com,Sales,2023-05-25
64-618-2415,Lothario,Cassidy,lcassidyjj@aboutads.info,Support,2020-11-27
05-660-4658,Nikolos,Kempe,nkempejk@imdb.com,Research and Development,2022-02-07
96-169-0004,Mureil,Doeg,mdoegjl@wix.com,Training,2022-05-28
69-654-9951,Nixie,Wisby,nwisbyjm@wix.com,Research and Development,2023-01-26
46-204-2851,Sullivan,Vasic,svasicjn@nydailynews.com,Support,2024-05-24
93-634-0603,Ferdinand,Boxhall,fboxhalljo@foxnews.com,Accounting,2022-05-03
37-345-5344,Thedrick,Hazleton,thazletonjp@flavors.me,Marketing,2021-11-01
16-301-7108,Genny,Melloy,gmelloyjq@wikispaces.com,Business Development,2020-10-15
11-774-8395,Joanne,Wilne,jwilnejr@amazonaws.com,Research and Development,2021-07-30
64-580-2828,Katerine,Breede,kbreedejs@merriam-webster.com,Support,2023-12-07
22-901-1989,Louisette,Branno,lbrannojt@columbia.edu,Product Management,2024-06-12
50-932-2574,Peta,Aggiss,paggissju@google.co.jp,Research and Development,2024-08-30
90-999-0491,Uriah,Andrault,uandraultjv@hexun.com,Training,2021-06-26
00-634-9751,Clive,Clive,cclivejw@4shared.com,Support,2021-07-02
39-824-0073,Estell,Exon,eexonjx@oaic.gov.au,Research and Development,2023-08-25
87-981-0366,Ursula,Wintringham,uwintringhamjy@barnesandnoble.com,Research and Development,2021-06-23
38-810-3310,Shannon,Stoggles,sstogglesjz@ehow.com,Legal,2021-10-25
38-542-3914,Rogers,Kynvin,rkynvink0@multiply.com,Support,2022-01-07
87-117-3440,Gasparo,Filippucci,gfilippuccik1@feedburner.com,Marketing,2021-11-27
28-571-5853,Fifi,Cufflin,fcufflink2@samsung.com,Legal,2024-09-11
07-264-2427,Karry,Gant,kgantk3@yahoo.co.jp,Accounting,2022-12-11
23-996-4351,Arnuad,Yallop,ayallopk4@google.co.jp,Product Management,2021-04-11
27-337-1687,Laurette,Helm,lhelmk5@nymag.com,Legal,2024-08-21
73-849-1765,Petey,Martino,pmartinok6@squarespace.com,Product Management,2024-01-13
68-737-5969,Travis,Harkus,tharkusk7@ustream.tv,Legal,2023-02-17
00-214-1869,Anna,Mogg,amoggk8@harvard.edu,Legal,2020-09-27
96-057-3657,Dolley,McKune,dmckunek9@thetimes.co.uk,Product Management,2024-06-27
00-795-5713,Eadmund,McCaighey,emccaigheyka@house.gov,Engineering,2024-01-25
95-397-6242,Cate,Dubock,cdubockkb@wired.com,Support,2022-03-31
90-120-2502,Marty,Arboine,marboinekc@xinhuanet.com,Research and Development,2023-02-03
21-391-8918,Lyndy,Burhouse,lburhousekd@census.gov,Marketing,2022-01-01
95-810-0727,Arlyne,Yateman,ayatemanke@ask.com,Research and Development,2022-08-14
35-283-0819,Ainslie,Willes,awilleskf@latimes.com,Marketing,2021-06-16
65-040-2873,Agnesse,Eickhoff,aeickhoffkg@unblog.fr,Research and Development,2021-05-27
76-157-5875,Benoite,McDade,bmcdadekh@yelp.com,Legal,2023-06-17
20-441-0003,Morris,Dovington,mdovingtonki@quantcast.com,Research and Development,2020-12-23
69-427-1456,Marten,Graeme,mgraemekj@boston.com,Training,2020-12-29
62-035-3193,Anderea,Glenfield,aglenfieldkk@sciencedirect.com,Accounting,2021-07-13
74-795-3230,Neron,Crichten,ncrichtenkl@mysql.com,Accounting,2021-11-26
89-809-5806,Angele,Godsmark,agodsmarkkm@yahoo.co.jp,Training,2023-05-21
74-070-8010,Shirline,Tireman,stiremankn@disqus.com,Accounting,2021-02-27
60-990-7990,Helsa,Sigg,hsiggko@marketwatch.com,Business Development,2022-01-21
51-336-6204,Darin,Kermeen,dkermeenkp@reference.com,Engineering,2023-01-20
01-890-0511,Barry,Dumphry,bdumphrykq@fda.gov,Sales,2023-04-17
81-796-8252,Parsifal,Duffie,pduffiekr@networksolutions.com,Accounting,2022-03-08
08-327-3409,Arlyne,Pierrepont,apierrepontks@addthis.com,Legal,2023-08-15
65-505-7524,Gustavo,Gligoraci,ggligoracikt@wikimedia.org,Accounting,2021-07-13
38-901-1458,Lanny,Whitlock,lwhitlockku@pen.io,Legal,2023-05-16
61-919-4945,Seward,Rouch,srouchkv@java.com,Human Resources,2024-06-21
07-338-1172,Vinny,Liddiard,vliddiardkw@cargocollective.com,Services,2022-02-28
08-393-9679,Domenico,Totaro,dtotarokx@europa.eu,Human Resources,2022-05-17
63-969-9271,Nanine,Akast,nakastky@intel.com,Accounting,2020-10-20
34-386-1857,Marie,Salla,msallakz@gmpg.org,Support,2020-12-01
18-606-3638,Byron,Havoc,bhavocl0@gov.uk,Product Management,2020-11-22
22-768-1141,Gerry,Tregien,gtregienl1@amazon.com,Marketing,2022-07-26
53-361-2030,Gabey,Bridie,gbridiel2@geocities.jp,Support,2020-12-13
17-706-3088,Maryanna,Hounsom,mhounsoml3@reddit.com,Research and Development,2022-05-26
11-863-2834,Joleen,Salter,jsalterl4@facebook.com,Business Development,2021-09-17
44-091-8732,Floyd,Wycliffe,fwycliffel5@constantcontact.com,Training,2021-09-14
94-918-6116,Maryanne,Coston,mcostonl6@illinois.edu,Training,2021-05-30
15-244-5164,Mildrid,Whymark,mwhymarkl7@independent.co.uk,Legal,2021-03-09
36-568-5428,Jacintha,Maccraw,jmaccrawl8@techcrunch.com,Sales,2020-09-18
99-384-1773,Valina,Tackell,vtackelll9@pagesperso-orange.fr,Research and Development,2020-12-24
39-668-8285,Susanne,Blayney,sblayneyla@bbc.co.uk,Marketing,2024-05-23
07-119-3273,Hesther,Tallow,htallowlb@msn.com,Services,2021-07-29
15-264-9455,Mahmud,Bewsey,mbewseylc@google.nl,Business Development,2024-01-19
82-112-5013,Emmaline,Matheson,emathesonld@earthlink.net,Engineering,2021-12-03
08-929-9990,Felic,Willbond,fwillbondle@salon.com,Training,2022-02-14
80-367-4089,Chalmers,Ondrich,condrichlf@ning.com,Legal,2024-05-31
50-396-7158,Clark,Cund,ccundlg@eepurl.com,Research and Development,2022-04-29
94-811-9671,Hans,Coronas,hcoronaslh@unc.edu,Human Resources,2024-07-27
96-161-0922,Andeee,Williams,awilliamsli@columbia.edu,Product Management,2023-10-21
81-281-7178,Sayres,Fidoe,sfidoelj@gizmodo.com,Training,2024-06-21
08-142-9905,Gannon,Aldgate,galdgatelk@storify.com,Business Development,2022-10-04
19-767-8779,Farris,Helversen,fhelversenll@bravesites.com,Engineering,2021-08-28
59-429-1358,Elwin,Coryndon,ecoryndonlm@statcounter.com,Human Resources,2023-11-11
23-610-3680,Jacenta,Kuban,jkubanln@creativecommons.org,Accounting,2021-03-27
39-388-9256,Merle,Younghusband,myounghusbandlo@wunderground.com,Legal,2021-08-05
11-475-3183,Nara,Coda,ncodalp@moonfruit.com,Research and Development,2022-12-14
33-981-9673,Lurlene,Frantsev,lfrantsevlq@ustream.tv,Marketing,2023-05-07
62-870-1711,Willey,Munroe,wmunroelr@vk.com,Training,2021-12-09
90-284-7681,Tori,Lachaize,tlachaizels@elpais.com,Legal,2021-08-01
89-507-6534,Raimondo,Lowe,rlowelt@umich.edu,Sales,2024-05-14
40-873-4276,Kathlin,De Lisle,kdelislelu@prnewswire.com,Research and Development,2022-08-22
76-495-1097,Witty,Hellwig,whellwiglv@themeforest.net,Engineering,2021-02-19
12-934-0563,Feliks,Boraston,fborastonlw@slate.com,Accounting,2023-03-31
78-308-9606,Rina,Osburn,rosburnlx@google.com.hk,Services,2021-07-27
31-369-5082,Morissa,Saurat,msauratly@edublogs.org,Legal,2021-08-17
51-215-5852,Mariel,Pym,mpymlz@wsj.com,Research and Development,2021-01-31
73-059-9937,Drucy,Bernette,dbernettem0@pcworld.com,Human Resources,2023-08-25
96-589-5802,Siffre,Saltrese,ssaltresem1@biblegateway.com,Legal,2020-09-16
65-949-8528,Peadar,Hatfield,phatfieldm2@ucla.edu,Engineering,2021-12-01
71-486-6557,Joey,Jacobsz,jjacobszm3@ning.com,Research and Development,2020-09-27
08-562-9049,Cathryn,Hedling,chedlingm4@statcounter.com,Product Management,2024-07-06
68-394-4483,Fraze,Button,fbuttonm5@barnesandnoble.com,Engineering,2021-05-09
30-747-7351,Cammi,Gladdolph,cgladdolphm6@tumblr.com,Support,2022-12-20
12-138-4038,Marion,Handrek,mhandrekm7@addtoany.com,Sales,2024-02-06
25-031-7727,Shannen,Bethell,sbethellm8@economist.com,Accounting,2024-08-27
56-369-9657,Trixie,Astill,tastillm9@php.net,Support,2024-03-16
71-811-0531,Guenna,Espinheira,gespinheirama@soup.io,Accounting,2020-10-13
11-492-3533,Bear,Cobby,bcobbymb@npr.org,Business Development,2021-04-28
70-000-6714,Hakeem,Lis,hlismc@delicious.com,Engineering,2023-02-24
52-798-0473,Kahlil,Bagworth,kbagworthmd@fc2.com,Marketing,2022-06-08
03-482-1644,Andee,Lander,alanderme@xrea.com,Accounting,2024-05-15
70-057-4335,Daisie,Itzchaki,ditzchakimf@fc2.com,Product Management,2020-11-30
12-753-3541,Mehetabel,Briatt,mbriattmg@google.fr,Training,2021-02-05
45-092-2218,Tabbie,Dudbridge,tdudbridgemh@bluehost.com,Training,2024-05-26
43-082-6209,Buddy,Jent,bjentmi@cbc.ca,Business Development,2023-06-21
48-745-8600,Reyna,Tofano,rtofanomj@altervista.org,Training,2022-10-23
82-439-7227,Lizette,Dozdill,ldozdillmk@answers.com,Engineering,2024-02-07
50-201-5204,Gabie,Creese,gcreeseml@wp.com,Human Resources,2023-07-27
23-655-3730,Valera,Sisey,vsiseymm@foxnews.com,Business Development,2024-08-03
07-762-1338,Ashleigh,Quilliam,aquilliammn@admin.ch,Marketing,2022-05-21
26-473-6106,Bo,Feldbaum,bfeldbaummo@dell.com,Engineering,2021-11-02
25-487-9497,Lissy,Wennam,lwennammp@engadget.com,Product Management,2022-10-20
66-393-1623,Merola,Tamburo,mtamburomq@howstuffworks.com,Sales,2024-02-07
08-528-6054,Vivie,Mortlock,vmortlockmr@tinyurl.com,Accounting,2022-02-25
16-451-0104,Aeriela,McNiff,amcniffms@1688.com,Engineering,2024-04-02
27-189-1746,Kev,Garfit,kgarfitmt@dropbox.com,Research and Development,2022-01-30
17-889-1610,Amanda,Cobbled,acobbledmu@globo.com,Marketing,2020-12-07
47-091-0060,Annis,Bowcock,abowcockmv@scientificamerican.com,Training,2024-03-10
00-615-1427,Ettore,Howship,ehowshipmw@cnbc.com,Support,2023-03-20
91-069-2361,Lemmy,Dewhurst,ldewhurstmx@delicious.com,Research and Development,2023-12-05
65-910-5668,Carmella,Blader,cbladermy@twitter.com,Research and Development,2023-05-06
99-313-1294,Blair,Crosen,bcrosenmz@independent.co.uk,Human Resources,2021-12-28
06-187-1768,Spence,Pickford,spickfordn0@phpbb.com,Services,2021-01-24
40-528-6106,Lanae,MacWilliam,lmacwilliamn1@blogtalkradio.com,Accounting,2024-02-03
36-155-1075,Clareta,Thoumasson,cthoumassonn2@go.com,Business Development,2022-03-01
00-274-2626,Lothario,Carrol,lcarroln3@vkontakte.ru,Research and Development,2024-03-30
54-460-2320,Michel,Doorey,mdooreyn4@sogou.com,Legal,2024-04-17
74-730-6261,Mandy,Bittany,mbittanyn5@seesaa.net,Research and Development,2021-04-22
97-326-4481,Ivy,Bend,ibendn6@fc2.com,Sales,2022-08-19
00-401-2980,Roddie,Pennaman,rpennamann7@amazon.de,Product Management,2022-07-11
14-455-9318,Helena,Carlaw,hcarlawn8@ow.ly,Product Management,2022-01-05
08-575-7224,Cammie,Donisthorpe,cdonisthorpen9@aol.com,Services,2022-07-02
65-859-0548,Gwyneth,Brumpton,gbrumptonna@go.com,Accounting,2024-07-16
67-397-7468,Renault,O'Corren,rocorrennb@time.com,Engineering,2022-12-19
74-717-3658,Sib,Fenix,sfenixnc@illinois.edu,Accounting,2022-07-18
06-868-1416,Tansy,Stickles,tsticklesnd@aol.com,Accounting,2022-08-10
94-353-6626,Quintina,Blackman,qblackmanne@umn.edu,Engineering,2021-06-09
39-350-0080,Alic,Izatt,aizattnf@arstechnica.com,Accounting,2024-07-20
20-382-2065,Arvy,Sheriff,asheriffng@gov.uk,Accounting,2024-08-09
90-133-2706,Appolonia,Dumberrill,adumberrillnh@meetup.com,Training,2023-07-24
27-609-1018,Bab,Carwardine,bcarwardineni@g.co,Support,2024-03-09
51-192-8794,Bobina,Jozwicki,bjozwickinj@omniture.com,Sales,2023-08-16
29-446-1802,Wenona,MacAughtrie,wmacaughtrienk@nhs.uk,Accounting,2023-04-16
38-237-0252,Chrissie,Cockling,ccocklingnl@bloglovin.com,Sales,2022-05-27
55-084-7065,Clayborne,Dewdney,cdewdneynm@bloomberg.com,Services,2023-03-26
29-465-5045,Donnell,Ayers,dayersnn@cdc.gov,Engineering,2024-07-06
50-798-2364,Eugine,Whitchurch,ewhitchurchno@issuu.com,Support,2023-03-10
44-885-3894,Ada,Babbage,ababbagenp@last.fm,Accounting,2023-05-07
06-893-2753,Tobin,Humm,thummnq@tinypic.com,Marketing,2021-05-08
59-787-1059,Glory,Leyfield,gleyfieldnr@aol.com,Marketing,2024-01-31
57-463-8391,Tom,Karlowicz,tkarlowiczns@stumbleupon.com,Product Management,2023-09-25
23-654-7252,Ninnette,Dimanche,ndimanchent@fotki.com,Support,2021-11-14
83-401-7922,Sibylle,Yendall,syendallnu@stumbleupon.com,Legal,2021-03-17
05-583-9941,Obie,Gourlay,ogourlaynv@networksolutions.com,Accounting,2021-10-06
23-791-5766,Perle,Foden,pfodennw@mediafire.com,Accounting,2023-04-18
86-804-6005,Lil,Knyvett,lknyvettnx@chronoengine.com,Human Resources,2020-09-30
44-040-5806,Tully,Downse,tdownseny@foxnews.com,Accounting,2022-12-30
17-507-6013,Jaye,Bedboro,jbedboronz@usatoday.com,Sales,2024-02-26
38-986-9928,Hamilton,Steketee,hsteketeeo0@bizjournals.com,Sales,2021-07-17
98-060-4924,Bram,Dewey,bdeweyo1@wix.com,Product Management,2023-04-09
43-080-3425,Sidonia,Learman,slearmano2@arstechnica.com,Accounting,2024-03-11
40-449-1426,Alicia,Blount,ablounto3@hao123.com,Support,2021-08-05
08-325-0938,Rodney,Vaudrey,rvaudreyo4@wunderground.com,Research and Development,2022-06-12
50-235-3829,Erena,Rojas,erojaso5@canalblog.com,Research and Development,2023-04-01
50-496-5311,Currie,Udell,cudello6@usatoday.com,Support,2020-11-25
51-360-0338,Almire,Lydster,alydstero7@imgur.com,Human Resources,2020-10-03
54-553-0409,Winfred,Chasteney,wchasteneyo8@chicagotribune.com,Services,2024-02-21
22-922-8749,Saunder,Larenson,slarensono9@pagesperso-orange.fr,Business Development,2023-10-21
20-201-8226,Idell,Jermy,ijermyoa@plala.or.jp,Training,2022-04-26
32-942-5235,Noe,Brownlow,nbrownlowob@deliciousdays.com,Training,2022-08-26
28-519-2817,Chlo,Crammy,ccrammyoc@github.io,Product Management,2021-06-07
05-956-4929,Celinda,Bolland,cbollandod@dell.com,Accounting,2021-04-23
08-938-8081,Eyde,Manginot,emanginotoe@answers.com,Services,2021-12-11
70-987-0749,Adrian,Baigent,abaigentof@soundcloud.com,Sales,2024-05-18
43-673-6289,Bettye,Buncher,bbuncherog@google.co.jp,Engineering,2022-10-08
88-811-0616,Joscelin,Huggill,jhuggilloh@qq.com,Research and Development,2023-06-19
40-424-6648,Jilly,Lidstone,jlidstoneoi@wordpress.org,Services,2023-02-24
91-795-8966,Farlie,Camplin,fcamplinoj@studiopress.com,Business Development,2021-09-17
11-035-7955,Bel,Mowat,bmowatok@marketwatch.com,Legal,2023-05-02
13-842-6021,Teodorico,Mallabone,tmallaboneol@tamu.edu,Engineering,2021-07-11
35-132-7790,Evan,Milier,emilierom@theglobeandmail.com,Research and Development,2022-12-21
71-799-6675,Zaccaria,Killingworth,zkillingworthon@arstechnica.com,Research and Development,2021-09-26
82-260-4845,Gil,Blodgetts,gblodgettsoo@4shared.com,Sales,2023-06-25
47-831-0129,Hunfredo,Harm,hharmop@blogtalkradio.com,Business Development,2022-03-19
20-908-3139,Ashlan,Sconce,asconceoq@merriam-webster.com,Engineering,2022-07-21
70-029-2027,Tallie,Fauguel,tfauguelor@tiny.cc,Marketing,2021-10-24
55-584-3225,Angeli,Muzzullo,amuzzulloos@hubpages.com,Product Management,2023-09-03
94-101-8951,Rozanna,Greenland,rgreenlandot@nsw.gov.au,Marketing,2022-05-11
47-306-7989,Shaine,Story,sstoryou@blog.com,Marketing,2024-01-13
00-701-7486,Jeana,Baselio,jbaselioov@weather.com,Support,2021-01-09
01-761-7564,Jesus,Skillitt,jskillittow@pcworld.com,Product Management,2024-02-29
02-079-0479,Korney,Bram,kbramox@dropbox.com,Support,2021-09-23
14-146-0694,Marchall,de Clerq,mdeclerqoy@mozilla.org,Human Resources,2023-08-11
92-376-0968,Dominic,Fennelow,dfennelowoz@dion.ne.jp,Accounting,2024-02-25
24-384-9880,Kelila,Ferrelli,kferrellip0@cmu.edu,Legal,2024-03-27
48-735-7852,Gipsy,Mair,gmairp1@stumbleupon.com,Business Development,2024-07-02
06-245-9446,Bjorn,Lucus,blucusp2@psu.edu,Services,2020-11-11
94-563-9980,Samuel,Demsey,sdemseyp3@cnet.com,Engineering,2022-02-24
60-478-5367,Filippo,Esmonde,fesmondep4@chicagotribune.com,Support,2022-08-20
30-405-6801,Teddy,Lashley,tlashleyp5@symantec.com,Business Development,2024-03-20
33-652-4379,Gavrielle,Llorens,gllorensp6@woothemes.com,Sales,2022-06-14
86-018-7287,Gradeigh,Wrenn,gwrennp7@tumblr.com,Training,2021-08-15
88-190-6325,Gracie,Breydin,gbreydinp8@state.tx.us,Training,2021-04-15
60-524-5552,Ginger,Lyptratt,glyptrattp9@wisc.edu,Services,2021-04-29
28-979-8867,Ethelbert,Erie,eeriepa@loc.gov,Accounting,2023-06-04
13-814-3905,Towney,Manuely,tmanuelypb@w3.org,Marketing,2021-11-23
78-046-8707,Avie,Huskisson,ahuskissonpc@blogger.com,Business Development,2024-01-21
30-007-7754,Meredith,Acosta,macostapd@yahoo.co.jp,Training,2023-06-13
62-801-1878,Viviana,Isted,vistedpe@github.io,Training,2021-07-23
58-965-3642,Berti,Miskin,bmiskinpf@telegraph.co.uk,Research and Development,2023-07-10
89-548-4045,Jerrome,Lozano,jlozanopg@senate.gov,Support,2023-10-28
55-745-0595,Roslyn,Isham,rishamph@blogspot.com,Human Resources,2023-02-06
84-754-1876,Greta,Lewer,glewerpi@sciencedaily.com,Research and Development,2021-11-09
60-936-9714,Monroe,Claremont,mclaremontpj@sun.com,Training,2021-06-21
91-277-0331,Jermaine,Wetherburn,jwetherburnpk@slideshare.net,Support,2021-05-18
75-395-6670,Giulietta,Bachshell,gbachshellpl@bravesites.com,Product Management,2021-04-09
26-028-9781,Janessa,Bresnen,jbresnenpm@microsoft.com,Sales,2021-01-26
03-693-4768,Andrew,Bangham,abanghampn@addthis.com,Product Management,2021-05-02
11-760-3261,Brendan,Le Strange,blestrangepo@mail.ru,Engineering,2024-04-03
43-356-6680,Kandace,Tesoe,ktesoepp@senate.gov,Product Management,2023-03-04
86-855-1310,Meggy,Caro,mcaropq@freewebs.com,Support,2020-10-12
89-616-3454,Rici,Wolford,rwolfordpr@hubpages.com,Human Resources,2023-02-04
66-193-5190,Franklyn,Stollberg,fstollbergps@irs.gov,Product Management,2021-01-23
15-058-1501,Lilas,Klich,lklichpt@parallels.com,Sales,2023-01-27
40-062-3014,Claudette,Jeanes,cjeanespu@printfriendly.com,Business Development,2021-07-12
74-272-3894,Khalil,Buggs,kbuggspv@yahoo.com,Product Management,2022-11-21
70-374-3122,Danya,Cookman,dcookmanpw@cafepress.com,Business Development,2024-04-01
19-526-4136,Maddie,Cromwell,mcromwellpx@ycombinator.com,Product Management,2024-01-18
31-763-7926,Robyn,Wyldbore,rwyldborepy@soundcloud.com,Business Development,2024-02-17
95-892-1418,Skipp,Rishbrook,srishbrookpz@microsoft.com,Research and Development,2021-03-16
06-405-2962,Joleen,O'Feeney,jofeeneyq0@opensource.org,Business Development,2024-03-29
30-798-5633,Wyatt,Zanazzi,wzanazziq1@virginia.edu,Support,2023-09-05
50-406-8375,Danyelle,Berfoot,dberfootq2@wiley.com,Business Development,2021-02-28
52-906-9872,Cissiee,Stockle,cstockleq3@reddit.com,Human Resources,2021-01-06
64-458-1565,Goldie,Sickamore,gsickamoreq4@google.it,Services,2021-10-22
97-313-0858,Philip,Pearlman,ppearlmanq5@friendfeed.com,Marketing,2024-07-16
81-867-9207,Anett,Dixcey,adixceyq6@microsoft.com,Product Management,2023-07-02
34-095-2343,Ewen,Tuffield,etuffieldq7@netlog.com,Accounting,2021-12-10
65-122-7258,Humfried,Ramm,hrammq8@si.edu,Accounting,2021-06-09
13-934-1625,Ellyn,Iacovazzi,eiacovazziq9@timesonline.co.uk,Sales,2021-09-17
32-181-6895,Gus,Chazelas,gchazelasqa@hexun.com,Product Management,2022-12-18
90-640-7369,Anatole,De Ferraris,adeferrarisqb@com.com,Sales,2021-07-01
07-060-5619,Janis,Cookney,jcookneyqc@admin.ch,Services,2023-02-18
47-608-8376,Nahum,Bracknell,nbracknellqd@ft.com,Human Resources,2024-03-04
28-267-1727,Agnola,Judgkins,ajudgkinsqe@twitpic.com,Human Resources,2023-06-05
94-059-3422,Conny,Hacking,chackingqf@discuz.net,Support,2024-01-11
58-506-3863,Damita,Cosyns,dcosynsqg@umich.edu,Support,2022-03-27
20-231-3185,Juli,Newburn,jnewburnqh@who.int,Human Resources,2024-06-14
05-489-7198,Hakim,Thunnercliffe,hthunnercliffeqi@utexas.edu,Support,2024-02-19
21-300-8859,Suellen,Gaveltone,sgaveltoneqj@dmoz.org,Business Development,2022-11-07
54-530-3829,Robert,Waite,rwaiteqk@mozilla.org,Research and Development,2024-04-16
89-783-5220,Matthieu,Conningham,mconninghamql@independent.co.uk,Accounting,2024-02-20
57-468-7508,Odella,Goundsy,ogoundsyqm@bizjournals.com,Engineering,2024-07-19
66-001-7338,Marijn,Trolley,mtrolleyqn@java.com,Accounting,2023-03-13
18-232-3736,Hillard,Lennarde,hlennardeqo@behance.net,Support,2022-11-08
29-412-8635,Brynn,Danahar,bdanaharqp@miibeian.gov.cn,Engineering,2023-12-23
34-114-7307,Shanon,Jouen,sjouenqq@privacy.gov.au,Accounting,2021-04-21
92-405-5196,Ransell,Sherbrook,rsherbrookqr@xinhuanet.com,Support,2021-10-27
88-095-0942,Griff,Dubois,gduboisqs@wordpress.org,Product Management,2021-02-24
99-714-0653,Letitia,Petrelli,lpetrelliqt@cyberchimps.com,Services,2022-12-18
18-354-5370,Nert,Erik,nerikqu@slideshare.net,Business Development,2024-04-27
68-056-8049,Hershel,Barbour,hbarbourqv@booking.com,Marketing,2020-12-23
61-557-8205,Donica,Seath,dseathqw@arizona.edu,Engineering,2021-04-25
96-476-2177,Lauren,Pitcaithley,lpitcaithleyqx@technorati.com,Engineering,2022-12-05
68-491-0311,Hamlin,Barney,hbarneyqy@a8.net,Product Management,2024-05-16
63-626-7598,Hubert,Crowdson,hcrowdsonqz@google.co.uk,Research and Development,2023-08-25
54-552-5869,Jannelle,Flannigan,jflanniganr0@wikispaces.com,Engineering,2023-06-11
84-656-8032,Avrit,Smeeth,asmeethr1@chron.com,Marketing,2024-08-11
96-306-7785,Chrisse,Cottis,ccottisr2@ameblo.jp,Research and Development,2023-09-16
63-959-9120,Christy,Alabastar,calabastarr3@typepad.com,Product Management,2020-10-19
04-152-4926,Laird,Maultby,lmaultbyr4@creativecommons.org,Sales,2021-11-10
69-892-8486,Else,Pendry,ependryr5@cam.ac.uk,Human Resources,2021-11-02
13-306-1432,Agathe,Betterton,abettertonr6@ucsd.edu,Services,2024-07-10
86-462-8497,Laughton,Gilfoy,lgilfoyr7@time.com,Support,2023-07-17
46-259-3678,Sig,Dunderdale,sdunderdaler8@wufoo.com,Legal,2023-10-22
25-315-9209,Bevvy,Battison,bbattisonr9@java.com,Business Development,2021-07-07
96-560-4400,Yardley,Noweak,ynoweakra@baidu.com,Business Development,2023-04-13
39-672-4357,Ellynn,Alabaster,ealabasterrb@plala.or.jp,Sales,2024-07-10
18-079-3980,Dinnie,Temperley,dtemperleyrc@freewebs.com,Human Resources,2024-08-17
26-100-1632,Kirby,Edgerly,kedgerlyrd@house.gov,Product Management,2022-12-21
69-613-8599,Booth,Vamplus,bvamplusre@networksolutions.com,Accounting,2022-11-28
79-092-7491,Carroll,Kynston,ckynstonrf@shinystat.com,Training,2023-08-15
97-334-0839,Gwen,McLanachan,gmclanachanrg@eepurl.com,Business Development,2022-05-14
60-532-8873,Coralyn,Rozenzweig,crozenzweigrh@techcrunch.com,Legal,2024-02-14
16-838-8538,Ceciley,Firby,cfirbyri@alibaba.com,Product Management,2021-12-15
85-051-9596,Tyrone,Veevers,tveeversrj@over-blog.com,Support,2020-11-10
14-867-7857,Reba,Castanho,rcastanhork@uiuc.edu,Accounting,2023-06-09
29-713-2978,Ebba,Van den Velde,evandenvelderl@yahoo.com,Support,2022-08-26
75-493-8721,Lida,Bielby,lbielbyrm@storify.com,Sales,2023-04-30
60-446-8110,Diana,Hindhaugh,dhindhaughrn@tamu.edu,Legal,2022-01-15
44-589-0765,Sterling,Abilowitz,sabilowitzro@state.gov,Training,2021-04-03
61-461-8790,Ciel,Keddie,ckeddierp@imdb.com,Training,2024-08-30
62-935-3945,Tuckie,Howison,thowisonrq@angelfire.com,Legal,2023-12-16
85-663-4304,Tiebold,Nani,tnanirr@cocolog-nifty.com,Engineering,2022-06-16
